Irrigation,Rainfall,Crop_Banana,Crop_Rice,Crop_Sugarcane,SoilType_Black Cotton,SoilType_Red Loamy
-0.17507322,-0.46005216,0.12751275,0.0134960525,0.590169,0.18818466,-0.57666916
0.0026037104,-0.3758621,-0.006893556,-0.47218075,0.2867065,0.109159574,0.27417588
-0.100478575,-0.38351607,0.07223014,-0.30574405,0.16174822,0.35171294,0.25185394
0.018252922,-0.5694764,-0.17506668,-0.29088736,0.6001505,0.22722788,-0.04394422
-0.16492079,-0.17799018,-0.5872719,-0.042968456,0.45035398,-0.09696976,-0.09476054
-0.20703019,0.019864542,-0.40569136,-0.32470536,0.33853957,0.19963697,0.053531226
-0.069075085,-0.30701312,-0.65246916,0.107860595,0.73267937,0.2516428,-0.05496718
0.22395477,-0.02235065,0.26839465,0.2479917,0.4354378,0.21947177,0.013684842
0.13690376,-0.30309704,0.05810296,-0.5343731,0.77170277,0.3876825,-0.051028293
0.07786223,-0.17240147,0.3441033,0.33282635,0.2548547,0.3510011,-0.12705858
-0.25235972,-0.66422445,0.10078552,-0.3348112,0.5113105,0.49526793,0.079407856
-0.08796341,-0.29552543,-0.14616944,0.4206643,0.52394575,0.48312426,-0.063288815
-0.013222787,-0.4884817,-0.28086463,0.19833563,0.60815454,0.5345038,0.25602633
0.15396021,-0.120279826,-0.10776245,-0.059767623,0.493133,0.532846,-0.19904025
0.0124596525,-0.31087634,-0.4001403,-0.318691,0.31875348,0.39478818,-0.03552283
-0.06631761,-0.26678404,0.3011923,0.28536204,0.6105248,0.30063608,-0.32737967
-0.40773597,-0.19478615,-0.31432214,0.30030265,0.108343184,0.27310655,-0.34045753
-0.40427005,-0.5722988,-0.5535811,-0.46989858,0.369459,-0.0036725437,-0.040671308
-0.04876068,-0.012471593,0.152739,0.0136263035,0.38722482,0.0644163,-0.1980921
0.23780566,-0.41535532,-0.10384725,0.4523533,0.24955434,0.312522,0.03728683
0.061842944,-0.36664674,-0.11482853,-0.2724287,0.09677796,0.19249901,0.42191595
0.156121,-0.06818311,-0.27391782,0.051006697,0.51246196,0.34919232,0.11266972
-0.11392836,-0.41214204,0.31182462,-0.094905674,0.3837089,0.26091105,0.27434236
-0.24244292,-0.73890924,0.13664187,-0.026737869,0.688154,-0.09182675,-0.28241372
0.14325729,-0.31345612,0.06890856,0.094765656,0.65471524,0.31399146,0.0083144065
0.5155384,-0.24769682,0.14637086,-0.08538161,0.756048,0.29528984,-0.26034215
0.1375382,-0.5781701,0.14447226,-0.41824594,0.43306753,0.5347031,0.4307016
0.18780649,-0.18511787,-0.1415386,-0.18197808,0.3621223,0.30259502,0.044642594
0.048118666,0.18907376,-0.32369402,-0.2443306,0.43725878,0.30618674,0.33707252
-0.2943613,-0.4892412,0.22083023,0.082132496,0.53914875,0.0147046065,-0.3621701
-0.023609187,0.13634981,-0.47704643,0.020547627,0.5377903,0.34513533,-0.052323975
-0.10626342,-0.36125505,-0.12741633,-0.3314525,0.3068661,0.07419453,0.0016305146
0.1304274,-0.2113122,0.19567756,-0.3910945,0.29115734,0.35012525,0.20072995
-0.19175225,-0.12976061,0.07466138,0.2039742,0.43029806,0.5164956,-0.19875151
-0.2881336,-0.8049258,-0.14862992,-0.029174939,0.28693935,0.12474675,0.082082175
-0.2665551,-0.33094713,0.066699445,0.41858494,0.18753281,0.1678486,-0.18394008
-0.41818056,-0.44328812,0.005396028,-0.105303004,0.21566021,0.29684898,-0.16541913
0.17153016,-0.6540447,-0.28829738,-0.17449443,0.51769143,0.44206643,-0.34510925
0.40334624,-0.34338158,0.14371751,0.2308769,0.6866577,0.38937947,-0.06329704
-0.4485181,-0.5466873,-0.20468976,0.2958898,0.58735543,0.29562855,-0.3112164
-0.25451759,-0.28831676,-0.33769745,0.41927743,0.61562794,0.12753923,-0.2504105
-0.22746114,-0.6284999,0.04490793,-0.69390833,0.5080602,0.24057947,-0.09539672
-0.3773796,-0.30948818,-0.118343085,0.1284556,0.049861826,0.068173125,-0.12093829
-0.07336682,-0.09320271,-0.2941409,-0.55285716,0.69367653,0.02157126,-0.17775081
0.2854008,-0.14757353,0.29281005,-0.51361525,0.7615271,0.37776223,0.3179094
0.16803126,0.0541025,-0.30206534,0.054292742,0.47305158,0.38458806,-0.20648791
-0.0810286,-0.4680318,0.30133995,-0.33296824,0.30241188,0.20169239,-0.003795626
-0.10479099,-0.76845413,0.40056297,-0.51528144,0.47120637,0.20446956,0.24816294
-0.375231,-0.20649366,-0.27180025,-0.076219186,0.6021073,0.531002,-0.1818864
-0.34892762,-0.35185072,-0.27781853,0.042479247,0.1937884,0.46469352,0.085413404
-0.2730131,-0.47875234,-0.55144644,-0.053805817,0.24053739,0.27751282,-0.0010808539
-0.07045013,-0.432343,0.053461295,-0.26960346,0.40939522,0.2250471,-0.1777718
0.21590014,-0.21991023,-0.3839689,-0.092942774,0.8433858,0.48219553,-0.34843206
-0.103501245,0.16546983,-0.45653453,0.30285203,0.6104089,0.29569435,-0.34096292
-0.100158334,-0.459797,-0.09025175,-0.051612042,0.5428669,-0.0733297,-0.2935207
-0.14625226,-0.64646494,0.17462768,0.14735693,0.6171445,0.25036705,-0.27783394
0.20677099,-0.47187087,0.049909372,-0.15842253,0.33227634,0.2659782,-0.52809745
0.34084362,-0.1454085,0.32320958,-0.050257538,0.38680676,0.21823108,-0.042922676
-0.22180048,-0.61747503,-0.06205768,-0.31607395,0.53026175,0.47012383,0.021667672
-0.21513487,-0.4507741,-0.116928175,-0.2610182,0.517986,0.060671676,0.16601157
-0.2315365,-0.4149167,0.22982927,0.33395952,0.6251832,0.40071213,-0.3683424
-0.4927374,0.33650067,-0.6537336,0.13526471,0.48046094,0.0050068726,-0.0869662
0.32759717,-0.19307157,-0.021891657,-0.069182806,0.61079836,0.52539134,0.05954227
0.49534884,-0.115779266,0.0544316,0.043754134,0.35513455,-0.012217544,-0.09015291
-0.2055453,-0.25625488,-0.1292856,0.13481893,0.4363526,0.106307514,-0.07391784
-0.00094492,-0.34076643,-0.12845089,0.3544146,0.48438892,0.41559815,-0.06502858
0.22163914,0.46764314,0.05845438,0.09576934,0.6619615,0.49115333,-0.27265966
0.0841321,0.13025075,-0.55862844,-0.15913278,0.51857984,0.09115854,-0.004782873
0.30680224,-0.04462637,-0.08172931,-0.121535175,0.6008101,0.50628,0.13878486
0.19241695,0.06037061,-0.6305752,-0.13516623,0.45241594,-0.17556491,-0.25503278
-0.24120381,-0.4440325,-0.48453295,0.12409268,0.4776947,-0.0009684613,0.005298657
-0.13753867,-0.005315815,0.0025801286,-0.29814866,0.3908366,0.03701878,-0.054350823
-0.033953927,-0.5019995,0.18747893,0.07355712,0.48760492,0.17511952,-0.17023116
0.45423603,-0.11770066,0.22925252,-0.09628128,0.13925989,0.4651779,0.4471776
-0.17983729,-0.13261558,-0.2162683,-0.009643861,0.54052275,0.100172155,-0.12674084
-0.18843314,-0.36818305,0.021990322,0.009457497,0.2942204,0.36343217,-0.06494117
-0.2730404,0.2191494,-0.21096851,0.43730304,0.68205935,0.5321552,-0.6411088
0.34847274,-0.23427081,0.19055155,-0.10634597,0.5388391,0.38589674,0.14941889
-0.05803784,-0.44376752,0.035453156,-0.5349294,0.47968954,0.2711737,-0.019152956
-0.031689752,-0.20874564,0.3771957,0.0015881115,0.796371,0.08231345,-0.47661906
-0.043091096,0.0022057563,-0.3593816,-0.13363874,0.60432816,0.4353222,-0.21976514
-0.19258133,-0.71697,0.049732044,-0.58988523,0.28313243,0.29940456,0.2007804
0.39927676,-0.76131594,0.24474846,-0.3451461,0.8558071,0.81570435,-0.19501218
-0.02198032,-0.5332402,0.08591234,-0.358063,0.5856328,0.64797,0.113788344
-0.10894266,-0.6759576,0.25844824,-0.63980997,0.35163835,0.55568033,-0.05748402
0.5324579,-0.4342361,-0.10163952,-0.19773087,0.4438581,0.60652035,0.48650056
-0.2457912,-0.1242198,-0.14953703,-0.09283289,0.6669222,0.38259622,-0.43067962
0.04213771,-0.37741864,0.068030626,-0.079416074,0.3427803,0.2542309,-0.0802002
0.16843146,-0.4210967,-0.11306153,-0.270966,0.75463706,0.49409354,-0.1745372
0.24420795,-0.021450192,0.14299496,-0.17000541,0.5881771,0.4997581,0.018039212
-0.214017,-0.3734989,0.02796035,-0.019552814,0.11955077,0.4622406,-0.20656732
0.12745534,-0.48804215,0.1797677,-0.07838152,0.119314864,-0.04381417,0.08331476
-0.4167435,-0.69109684,-0.29042172,-0.48918876,0.4809479,0.08580234,0.21339229
-0.064225085,-0.58301926,-0.16264015,-0.4500986,0.0776554,-0.021379095,0.1307107
-0.010576672,-0.3270068,-0.5161752,0.064883195,0.37154204,0.2585747,-0.5217103
0.009116195,-0.23201616,-0.595866,0.058715865,0.56008214,0.38323042,-0.38192847
0.19356051,-0.22089213,-0.27170312,-0.2580507,0.49764323,0.46220544,-0.20012407
-0.40205687,-0.30861968,-0.055674773,-0.016533634,0.56137294,0.4254257,-0.5215843
0.20873041,-0.22574571,-0.24755485,-0.037829936,0.84078944,0.29359382,-0.10298142
0.16766782,0.15829368,-0.26569757,-0.29562095,0.6305153,0.16024648,0.1167446
-0.2420595,-0.660887,-0.21379636,0.23225787,0.6225617,0.29739195,-0.4953537
-0.22629426,-0.466497,0.27243847,-0.15250462,0.4881217,0.18861613,-0.07226472
-0.1416971,-0.0006571701,-0.64595443,-0.28867838,0.47194782,0.25004864,-0.4572531
-0.008662381,-0.33800504,0.20993295,0.029931081,0.5865944,0.21640475,-0.14733545
-0.06465772,-0.48149896,0.047872256,-0.43340683,0.3230335,0.0094478605,-0.016460687
-0.51162744,-0.3583465,-0.10410627,-0.31594563,0.5025219,0.12191069,-0.041288547
-0.3659757,-0.51311153,0.53207195,-0.35096416,0.6278299,0.16446893,-0.10839399
0.13399844,-0.44088748,-0.094603114,0.32198665,0.45471138,0.15953718,-0.1474569
-0.20719472,-0.31487295,0.29125658,0.21523027,0.33546385,0.25527152,-0.38137558
0.33140424,-0.592668,-0.1795318,-0.24940588,0.5066137,0.768947,0.27903646
0.53438365,-0.13367872,-0.0390641,0.3096621,0.6563552,0.6636286,0.05298996
-0.41482127,-0.43331426,0.040523376,0.11162303,0.33688232,0.21575099,-0.57973266
0.4512976,-0.057766106,0.23514327,0.54434055,0.7070134,0.60094297,-0.0075992877
-0.20611423,0.18850914,-0.20774333,0.38164276,0.72872305,0.53644985,-0.08017845
0.2596584,-0.11630173,-0.047397025,-0.39991635,0.3004682,0.15827562,0.03847794
-0.15330757,-0.3504991,-0.06272625,0.22995773,0.3838403,-0.06781759,-0.26920912
-0.2745829,-0.3540862,0.037196644,-0.365029,0.50418913,0.42745873,-0.008533559
0.37768105,-0.41857404,0.02927576,-0.29129398,0.54748356,0.47355735,-0.3801066
0.08970509,-0.5224033,-0.36524007,-0.043247808,0.57339877,0.29976097,-0.4495987
0.02101444,-0.20409973,-0.3482242,-0.22596247,0.14219259,0.35518712,-0.08574528
-0.21982864,-0.44798595,-0.18884146,-0.4171801,0.57578033,0.10870462,-0.4095611
-0.07424941,-0.5315557,0.0756052,-0.014345388,0.09150742,0.25110573,-0.004338101
-0.03170174,-0.48095554,0.044244617,0.245603,0.45736158,0.059130374,0.057943426
0.09340742,-0.545658,0.26552922,-0.06354334,0.74972504,0.3592146,-0.51971984
0.07798908,-0.29005194,0.26668793,0.0072485805,0.25277603,0.30252555,0.06573393
-0.2577706,-0.2651685,-0.33776978,-0.18005559,0.23827425,0.123522736,-0.20358074
-0.23145834,0.037851818,-0.08894948,-0.22079743,0.5764928,0.08609195,-0.06495598
0.22859472,-0.103689715,-0.098164536,-0.4304193,0.11986103,0.17504951,-0.029064037
-0.23239069,-0.6780767,-0.68053114,-0.43344092,0.49954423,0.100830935,0.082724854
-0.1304909,-0.40561113,0.11564359,0.2286147,0.62318265,0.18346573,-0.31627235
-0.03332587,-0.6888517,-0.14209156,-0.57233375,0.49295664,0.010469301,-0.5570443
-0.56169116,-0.590631,-0.17970295,-0.12682061,0.5498204,-0.059267048,-0.036422156
0.19879995,-0.25971878,0.26017192,-0.00066607323,0.8016713,0.7829651,-0.69023055
0.21998556,-0.16078718,-0.12800647,-0.17044744,0.53955585,0.34757861,-0.06456971
-0.07312641,-0.33063182,-0.11996226,-0.39199713,0.32805905,0.1426691,0.17711541
0.11461959,-0.3689335,0.110016584,-0.08943865,0.5155691,0.34356034,-0.41228005
-0.43492284,-0.37801322,-0.33384216,-0.32128835,0.72815585,0.38548556,-0.12269462
-0.027941518,-0.19473282,-0.47444335,0.09060323,0.6171175,0.21445194,-0.23085828
0.113017894,-0.38682884,0.045305293,-0.5903436,0.4873399,0.50363666,0.23895417
-0.021003727,-0.18713467,-0.22778548,-0.044832718,0.15518591,-0.10296573,-0.24709116
0.36214736,-0.54481167,4.8335874e-05,0.03719935,0.39062342,0.30422115,-0.15174231
-0.45028645,-0.6670093,0.24417168,-0.3891616,0.8199551,0.55065435,-0.55305976
-0.18711555,-0.0017029878,0.37640804,0.020199155,0.40590748,0.38384926,0.006758528
-0.16624826,-0.15066198,-0.17404509,0.052813057,-0.077776484,0.26176953,0.05096775
-0.35201922,-0.27573937,-0.48110932,-0.34821844,0.46946672,0.24924658,-0.113973275
0.10903642,-0.58926797,-0.19641402,0.35934642,0.6664767,0.62288344,-0.5305935
0.44883582,-0.73118687,-0.0888011,-0.1836543,0.18388198,0.35296223,0.2778744
-0.32908157,-0.18277545,0.22461069,-0.47028336,0.1321257,0.3281193,-0.30697894
-0.08774758,-0.56773925,-0.077556364,-0.28195637,0.45506483,0.48232663,0.05004961
-0.13550764,-0.4873127,-0.3061104,-0.15664472,0.5483923,0.09461571,0.29309437
-0.3010057,-0.3463707,-0.20755258,-0.33251587,0.5598548,0.22656536,-0.1391911
-0.28785652,-0.30501854,-0.17000374,-0.21372025,0.06916254,-0.028208107,0.15355949
-0.004168978,0.13363595,-0.17393151,-0.0880005,0.5627766,0.4334359,-0.12989658
0.13282587,-0.45680457,0.3035512,-0.051801782,0.38145578,0.10807084,-0.11908142
0.27456868,-0.1984008,-0.5258727,-0.12837295,0.62473196,0.136726,-0.11131541
-0.11515281,-0.19462243,0.20455924,0.15845804,0.44559097,0.5424221,-0.36542872
0.25077,-0.13929349,0.07577363,0.08464559,0.36670408,0.28736374,-0.25571337
-0.0074000247,-0.08505274,0.08778728,-0.1574944,0.001721934,0.039517764,-0.056210212
-0.15223956,-0.48001617,-0.26530623,0.1580006,0.45485532,0.21794738,-0.48363099
0.089269996,-0.14828534,-0.36610317,-0.01723526,0.30611092,0.17867783,-0.09577471
-0.010426831,-0.16814023,0.11771926,-0.14045769,0.6378495,0.35668305,-0.5233697
-0.3213724,-0.17985709,-0.17832063,-0.08556379,0.49647933,0.08585966,-0.10442605
0.23022197,-0.09798569,0.10685046,-0.05538086,0.28321496,0.45675537,0.19150457
-0.014804979,-0.04995052,0.045793947,-0.035635814,0.61906904,0.41797003,-0.5082108
0.054486416,-0.12112227,0.2601191,-0.22700821,0.6556112,0.32672396,-0.12810814
0.31228188,-0.72445756,-0.022286316,-0.26839197,0.4982364,0.40045273,-0.28705004
-0.119438216,-0.38708064,-0.20983192,-0.15544778,0.2022914,-0.08128854,0.16418806
-0.175673,-0.32984525,-0.097513825,-0.12054323,0.096510954,0.19609396,0.07837165
0.38269085,-0.4439371,0.20841917,-0.32862157,0.16504432,-0.12958854,-0.09440648
0.11288336,-0.16481638,-0.14841591,0.4405556,0.36391306,0.28108487,0.035610173
-0.09401371,-0.40997416,-0.5653855,0.030301612,0.23515646,-0.04011273,-0.08460222
0.07259194,-0.09572118,0.021000288,-0.21105509,0.34676677,0.27734834,-0.07269576
-0.22662657,-0.5284489,-0.054902643,-0.2909025,0.324447,-0.10897735,-0.37258524
-0.06093068,-0.2862976,0.08821982,0.30582413,0.5593012,0.39357337,-0.56320626
0.23155057,-0.7241916,-0.1711896,0.55615187,0.4654384,0.30532074,0.037754066
0.2203726,-0.35828045,0.10089623,-0.16939338,0.12880675,0.1277613,0.24107611
0.49418953,-0.4685704,-0.37470987,-0.27950037,0.34748313,0.047438834,0.18130736
0.28611064,-0.62679034,0.2789319,0.22991316,0.75380635,0.60769266,-0.1050906
-0.24477503,-0.030077932,-0.61380666,-0.003650625,0.42664245,0.15783376,-0.538394
0.101018906,-0.22418948,0.07185688,-0.089445606,0.084511556,0.3135475,0.6420674
-0.21870726,-0.27955797,-0.3241451,-0.07287333,0.4827945,0.4799567,-0.35523292
-0.16215278,-0.54009265,-0.14867514,0.31699905,0.70812714,-0.010329509,-0.33362642
0.23920181,-0.2905265,0.3666775,0.22515249,0.6156177,0.40640846,-0.21169312
-0.3231319,-0.06839339,-0.15075,-0.040611677,0.3636915,-0.04112643,-0.172716
0.26198837,0.04144934,-0.6284405,0.22811665,0.49626756,0.2720847,-0.6512197
-0.41672608,-0.48536047,-0.23232345,-0.21947654,0.50921583,0.18422927,-0.20447779
-0.27679843,-0.35822248,-0.023358224,0.20366648,0.43417436,0.12980601,-0.18746278
0.17354982,0.29580268,-0.13367137,-0.32469723,0.64276075,0.036607396,0.12262405
-0.27611855,-0.24606313,-0.24353075,-0.37473446,0.78323764,0.5393483,-0.50153744
-0.19727804,-0.28781372,-0.18754004,-0.19439332,-0.03940277,0.24929968,-0.37220845
0.1600667,-0.630322,-0.18023144,-0.0031665992,0.82098037,0.5468626,0.02345474
-0.229171,-0.37864295,0.13243838,-0.06927776,0.30813944,0.42454737,0.07214485
-0.11935008,-0.04515195,-0.08013923,-0.23068632,0.2173179,-0.2718479,-0.54167277
0.05511286,-0.5483938,0.017934704,0.122940145,0.47079918,0.4666469,0.08602245
0.4334411,-0.30188105,0.23928982,0.14679286,0.39749214,0.3159692,0.08254782
0.04027883,-0.52289176,0.22892642,-0.10780171,0.5010422,0.1327316,0.038211957
0.03286623,-0.15740114,-0.05700905,-0.07794492,0.46576598,0.29666197,-0.0883322
-0.15440054,-0.48070598,-0.22904432,-0.06972683,0.61218935,0.040763423,0.24515077
-0.042986315,-0.2978605,0.28063136,-0.30679905,0.3533374,0.4923188,-0.3271749
0.039079938,0.19578138,-0.2547937,0.031519156,0.3889231,0.42685753,-0.103842765
-0.09153764,-0.21843629,-0.022508001,-0.20131648,0.40237316,-0.033187803,-0.28664643
-0.27731737,-0.4744493,-0.36390913,0.017024832,0.4716525,0.06824767,0.04999442
-0.07427441,-0.22380668,-0.11934273,-0.3342928,0.59774196,0.115689754,0.06941961
0.1306035,-0.531446,-0.06007462,-0.20324947,0.5167542,-0.342487,-0.1819496
-0.03686497,-0.49323574,0.3875175,0.32596022,0.71749276,0.7237165,-0.7960086
-0.14661725,-0.4962951,0.29808512,0.07350225,0.71101546,0.34589052,-0.06436981
0.047267094,-0.49672377,-0.3271458,-0.2741336,0.019520482,0.21011047,0.30085257
-0.056055695,-0.3942447,0.25310543,0.24628328,0.5774443,0.45604137,-0.3960608
-0.101534165,-0.30336556,-0.046865664,0.24908106,0.34842157,0.06345003,-0.02726136
-0.04240351,-0.35079563,-0.06516295,-0.6653326,0.5236119,0.2006827,-0.40765217
-0.11432823,-0.28996524,0.30684316,-0.17813464,0.4302459,-0.0937326,-0.027717168
0.11780156,-0.2321437,0.040215585,0.010057996,0.35579678,0.34634352,0.079828985
-0.18911771,-0.21798839,-0.22381067,-0.44363976,0.67081636,0.32503793,-0.6636741
0.014003574,-0.07147111,0.045274336,-0.51883876,0.12105248,-0.07251003,-0.40118203
-0.21658553,-0.35920873,0.123831816,0.016707543,0.74349046,0.58815724,-0.6477109
0.019060222,-0.47888094,-0.004726138,-0.4225165,0.4804226,0.3153527,-0.5359205
0.2145614,-0.4819872,0.2864934,-0.0075091706,0.48369822,0.23886502,-0.034016687
-0.21056208,-0.6548788,-0.37912095,-0.0024133862,0.28517947,0.32254237,0.2829159
-0.21398792,-0.6777827,0.09606567,-0.595854,0.5018448,0.40586743,-0.095231816
0.061636683,-0.26712686,-0.0167928,0.06056215,0.295542,0.3479446,0.01290197
-0.29471543,0.3632161,-0.69701487,0.2079249,0.5332749,0.34106556,-0.4504751
0.29833752,-0.37734032,0.032477845,-0.02975554,0.56174856,0.44992843,-0.25192052
0.0531394,-0.5297646,-0.21284048,-0.6782309,0.63580006,0.315569,0.08654455
0.38547263,-0.26482344,0.04815308,0.4490186,0.41795865,0.31868938,0.0520668
-0.25230658,0.025682162,-0.25493804,-0.01738296,0.5372234,0.25237685,-0.39535522
0.028165558,-0.20809595,-0.07698499,0.05796633,0.3049485,0.117297836,0.25941926
0.16915585,-0.43148005,-0.33530307,-0.43325317,0.54539585,0.33729124,0.1281538
-0.09251062,-0.4400744,0.37567458,-0.30354607,0.5076195,0.18695094,-0.11387331
0.204502,0.18441337,-0.22572438,0.2632548,0.36903217,0.62405723,-0.45933577
-0.052404772,-0.076244906,-0.50506926,-0.035106353,0.52322227,0.3531835,-0.11449381
-0.33708698,-0.08019262,-0.39607888,-0.14781941,0.18361114,0.46879902,0.05973418
0.45191756,-0.42649803,0.15519969,-0.21349365,0.419906,0.53998417,-0.2489638
0.12239056,-0.6028013,-0.056544196,-0.06518675,0.3112148,0.12309006,0.22125758
-0.0073113632,-0.25735077,-0.46628147,-0.4254901,0.6140901,0.30449918,-0.1793768
0.004319305,-0.05528992,0.08684355,0.07500707,0.52070653,0.14975281,-0.20516695
-0.1448725,-0.1093491,-0.3916585,0.14314488,0.7524231,0.054483596,-0.30951816
-0.07868706,-0.31549236,-0.016450798,0.062813036,0.30278847,0.22312352,-0.07224837
0.0131931715,-0.59393245,-0.16658412,-0.160371,0.44815114,-0.0151573,-0.053457454
-0.21523988,-0.4259115,-0.18117608,-0.21872157,0.60491085,0.059703194,-0.3735761
0.027716419,-0.21491046,0.117353976,0.029059695,0.6540384,0.46225756,-0.21061264
0.06895901,-0.33466738,-0.19349104,0.27910107,0.625419,0.38958713,-0.07213888
0.091051616,-0.5855288,0.1401071,-0.28839794,0.68597746,0.3858291,-0.2110854
0.1103175,0.16751768,-0.3838021,0.05173953,0.46986416,-0.034345064,0.16192134
-0.10339735,-0.25410315,-0.38763058,-0.15870598,0.5580817,0.21251051,-0.07100906
-0.22513822,-0.42954814,-0.27592942,-0.05237043,0.2505675,0.24910885,-0.6027495
-0.3101525,-0.7055897,-0.17117211,-0.3928394,0.63739914,-0.16630213,-0.10171891
-0.42495468,-0.37297088,-0.31870902,-0.024091411,0.5170832,0.0007678363,-0.5310224
0.084558606,-0.43545312,0.023956941,-0.37976936,0.23479779,0.24855575,-0.099321395
0.06656989,-0.10361238,-0.04433141,0.07532506,0.47670576,0.30550554,-0.38753515
-0.16872533,0.5741315,-0.42694652,-0.014885366,0.62307507,0.4398241,0.1699885
0.15466551,-0.54823166,-0.37824237,-0.2975669,0.3217007,0.3835523,-0.22176088
0.15684482,-0.2160281,-0.29263613,-0.24669278,0.56286174,0.44808558,-0.0042605945
0.22933738,-0.058115397,-0.116191104,-0.024351874,0.39843208,0.11602029,-0.00875402
-0.17550722,-0.13087155,-0.41953245,-0.1105025,0.61391354,0.3147965,-0.15944722
0.056955997,-0.17216311,-0.17998156,0.31967017,0.65932447,0.079751275,0.12500384
-0.18731739,-0.36049765,-0.1284349,-0.18690269,0.21377574,0.12792559,-0.08893252
0.084962666,-0.1340057,-0.5723412,-0.0183638,0.83203053,0.49537075,-0.32306737
-0.22810665,-0.3302019,-0.33657303,-0.110089086,0.10623249,0.37089694,-0.22843099
-0.20668018,-0.39891255,-0.10149708,-0.14443186,0.20671591,0.22152567,-0.11593281
-0.07312525,-0.1747186,-0.030047385,-0.18764345,0.5057811,0.14462516,-0.08828612
0.009767683,-0.07362361,-0.22695114,-0.10701495,0.5359123,0.271088,0.14822443
-0.286866,-0.45113817,0.22267455,-0.60383296,0.44769523,0.15869915,-0.17480977
0.33640954,-0.10553174,-0.26650202,0.27929017,0.35865062,0.26532137,0.07328177
0.32536173,-0.019805076,0.24689768,0.07771212,0.65217805,0.34378773,-0.20675713
-0.4217036,-0.5990425,-0.2414633,-0.34036535,0.16273548,-0.02497992,-0.24241099
-0.15470298,0.09396481,0.050468307,-0.50928617,0.23222321,-0.06807816,0.15303911
0.09235533,-0.64908123,0.22490811,-0.45648417,0.53529924,0.19478922,-0.0075084507
0.15255283,-0.19478618,0.43781435,-0.1356475,0.33196586,0.2893177,0.12160015
0.15183146,-0.08317986,0.18537204,0.057870924,0.61829627,0.37924597,-0.02452965
-0.006982109,-0.5454025,0.08101996,-0.076435976,0.4522272,0.1615632,-0.40438133
-0.008514447,-0.4038127,0.35907814,-0.14875825,0.3789555,0.23470938,-0.27564225
0.1066128,-0.40397832,0.024473626,-0.052793745,0.51233506,0.2098326,-0.26187813
-0.48804697,-0.5892084,-0.07421823,-0.35871968,-0.055346902,0.22135426,-0.30396387
-0.30848724,0.07799847,-0.47973928,0.30586973,0.497566,0.30096978,0.01848726
-0.027776126,-0.14929977,-0.38197273,-0.3863748,0.42076576,0.40797976,0.4505109
0.10001193,-0.42137867,-0.32932213,-0.31451428,0.41771656,0.21988676,0.29540765
0.16389048,-0.6425903,-0.08937386,0.030976534,0.5077779,0.38682386,-0.09817208
-0.37629068,-0.24936745,-0.06404213,0.26593488,0.040895343,0.2091762,-0.29500887
0.22763771,-0.46880007,0.36967063,-0.08069398,0.74777055,0.2587022,-0.28072324
-0.09260415,-0.54327804,0.07573683,-0.1809969,0.13445182,0.08965921,-0.1549024
0.062751636,-0.045577127,-0.28093693,0.1440833,0.6709694,0.53017646,0.0011553548
0.086339965,-0.1759547,-0.15108864,-0.21699582,0.4913472,0.4137988,0.11676598
0.100372426,-0.13088442,0.22736341,-0.13343908,0.5118638,0.33501336,-0.17231098
-0.13769595,-0.12007802,-0.2152318,-0.3236533,0.17044531,-0.052979767,-0.13835941
-0.27731806,-0.21060915,-0.30927676,-0.5178733,0.43183672,0.33865368,-0.21225652
0.3115724,-0.20295757,0.12661694,-0.17148878,0.3628894,0.38990876,-0.06878264
-0.13683853,-0.515482,-0.10019428,-0.22132029,0.38545793,-0.09761228,-0.45608145
-0.18184341,-0.18305327,-0.6012264,-0.014394516,0.4225839,-0.06891689,-0.32514834
-0.0096095735,-0.24099284,-0.045013644,-0.24520428,0.6969853,0.21194595,0.13244553
-0.10175079,-0.14155753,-0.19027218,0.03541145,0.74435174,0.43443593,-0.0769981
-0.02293859,-0.5402447,-0.28620672,-0.3951827,0.3267443,0.15375209,0.013281203
-0.12265672,0.11979667,-0.37627092,-0.36698487,0.62434983,0.35370156,-0.44140947
0.16850184,-0.25497136,0.03987957,-0.061065957,0.31307495,0.014283226,-0.37774754
0.17739446,-0.39455175,-0.02358972,-0.1772909,0.29774222,0.061835654,0.16342665
0.46815887,-0.013248515,0.20159195,0.37191963,0.53864205,0.45105308,-0.12739094
0.012849048,-0.47885087,-0.0012402246,-0.23531398,0.7139993,0.19566438,-0.34979537
0.21499625,0.07094494,-0.32913476,-0.20233843,0.78544825,0.119024,-0.23323506
-0.28702998,-0.04510553,-0.50719917,0.010305379,0.42278153,0.04156952,-0.33783805
-0.3845404,-0.24277201,-0.0015259687,-0.10310301,0.7793861,0.024157979,-0.47831565
0.104824506,0.15032974,-0.21001232,-0.24374874,0.650063,0.17664045,-0.0736457
-0.1159647,-0.7060949,-0.0565515,-0.7668885,0.31573594,0.3893908,0.3256714
0.10539652,-0.65876544,-0.079067536,0.10257087,0.44196823,0.55648446,-0.39590022
-0.11077733,0.0886734,-0.059461527,-0.41960537,0.21630894,0.3530683,-0.23380008
0.18024477,0.25895575,-0.1855253,0.46982667,0.60066295,0.4300133,-0.28335243
-0.11337476,-0.34642497,-0.16033861,-0.13896592,0.074076466,0.25432244,0.37731397
-0.40777937,-0.55071855,-0.4949232,0.19889724,0.71583104,0.28217953,-0.31685594
0.019953243,-0.33259457,-0.016846761,-0.37111217,-0.008083269,0.13121733,0.24187663
-0.22451074,-0.33766252,-0.18292212,0.40871307,0.38958105,0.25563523,0.057492502
-0.2145678,-0.4904129,-0.06610196,-0.29285455,0.074886724,0.30191293,-0.03514392
-0.008505943,-0.39826193,0.09364554,0.10313964,-0.087860584,0.4671789,-0.5455847
0.061971124,-0.33735195,0.19925319,0.3342147,0.3823099,0.36867586,-0.3575953
-0.06835592,-0.40113193,0.07363227,0.04034251,0.58983517,0.23893633,-0.37199247
0.35899734,-0.3210803,0.29221028,0.24830662,0.54394704,0.34386662,-0.43848118
-0.10291187,-0.5922704,0.15883307,-0.34428006,0.3033335,-0.02074024,-0.060670827
-0.017212866,-0.3282686,-0.10023164,-0.2203011,0.3084283,0.18059923,-0.11154708
-0.33094794,-0.69846106,-0.20444869,-0.11934247,0.5078088,-0.043779984,-0.19227286
-0.33460748,-0.46009982,0.103082664,0.2846892,0.15188788,0.10921853,-0.5209657
-0.15457879,-0.11166403,-0.12722072,0.50118434,0.4764201,0.3120902,0.0828356
-0.11778866,-0.26511878,0.16448556,-0.04050107,0.33834997,0.19214553,-0.5424569
-0.02779237,-0.48296392,0.108731024,0.5602438,0.64834094,0.14991388,-0.2958926
-0.18893401,-0.3726992,-0.008134277,-0.19361296,0.44382036,0.23328748,-0.31932518
-0.29276505,-0.22830996,-0.32488942,-0.039505664,0.5540839,0.23965077,0.24633692
-0.09465595,-0.5898745,-0.16288184,-0.4883107,0.6222712,0.69009227,-0.19087318
-0.22336441,-0.23739743,-0.17319843,0.26045293,0.24556431,0.2749596,-0.18213747
-0.047654152,-0.5028974,0.11871622,-0.47953942,0.5298725,0.27393264,-0.51307106
0.065841995,-0.34904814,-0.36544144,-0.18987752,0.5967404,0.41554394,-0.18712635
0.10268158,-0.31495428,-0.18934387,-0.120951645,0.47224662,0.30581394,-0.023179244
0.031169517,-0.53249913,-0.054408956,0.032748166,0.6563145,0.16382916,-0.34090063
-0.19725972,-0.32955143,0.3125528,-0.50240177,-0.123388134,-0.013312326,0.083181284
-0.106121466,-0.53514796,0.22525403,0.0014905705,0.18670496,0.33105013,-0.096863315
-0.5090912,-0.33026704,-0.31450585,0.09524778,0.53761446,0.5781424,0.16916077
-0.38334686,-0.39751217,-0.25441292,0.19430819,0.4326844,0.3057944,-0.20443207
0.03627383,-0.11512261,0.16832195,0.06314914,0.38959906,0.4624035,-0.38106003
-0.25730002,-0.44609505,-0.23040204,0.1524951,0.42245325,0.33136484,-0.42088318
0.37708583,-0.11388304,0.31220585,0.638338,0.8365778,0.7971579,-0.27361044
0.15864259,0.31171387,0.11534834,0.02182187,0.7981669,0.47560263,-0.17981543
-0.36710683,-0.021220967,-0.2906044,0.3334747,0.40809685,0.4497963,-0.38923058
-0.5262053,-0.34226173,-0.30126795,-0.004827259,0.3063605,0.11908946,-0.15692434
-0.02310663,-0.4086435,-0.090220705,-0.29901752,0.05285423,0.3404589,0.103430405
0.3896438,-0.084904306,0.12192167,0.23467907,0.6293287,0.60418886,-0.22195433
0.32579312,-0.29140922,-0.387519,0.3444808,0.7656774,0.49122798,-0.09043577
0.57976604,-0.047561925,-0.09452892,0.11469527,0.7481921,0.5398406,0.20928892
0.13954626,-0.37096202,0.09953945,-0.09433309,0.3716109,0.4005916,0.1319372
-0.24833319,-0.3055507,-0.22402467,-0.19845998,0.5413558,0.39508852,-0.032973032
-0.10751252,-0.03703181,-0.27560142,0.25730655,0.7508167,0.20718618,0.2728165
-0.00074183964,-0.031968694,-0.4616335,-0.2295556,0.6767363,0.78917,0.015674775
0.0717429,-0.050624635,-0.26020494,-0.040926114,0.41301414,0.310536,0.26397988
-0.03014683,-0.30610096,0.1559958,0.071366124,0.015231331,0.0956387,-0.08124283
-0.08016908,-0.1683539,-0.050853446,-0.031381413,0.5388508,-0.01124407,-0.41245103
-0.029194057,-0.34642804,-0.015977705,0.030774847,0.7427221,0.61260676,-0.42794558
-0.3491937,-0.38162127,-0.06313456,-0.10798032,0.3327424,0.13015132,-0.40255868
-0.31668842,0.14579353,-0.4360814,0.10623614,0.55125636,0.103853814,-0.59435445
-0.049555056,-0.3164823,-0.6308736,0.020624073,0.732494,0.0329474,-0.019936614
0.12352992,-0.3814412,0.19277883,-0.3726022,0.3592003,0.28852546,-0.40290877
-0.48137155,-0.62636757,-0.33977902,-0.018760655,0.48258454,0.1640188,-0.12756777
-0.11245468,0.06322682,-0.1613579,-0.2666901,0.24097896,0.08376629,-0.029072462
0.0587761,-0.18231882,0.2847372,0.11750571,0.3213846,0.34220055,0.12373768
-0.019846559,-0.19815603,-0.08303527,-0.5071818,0.6088288,0.5055169,-0.31264365
0.034119427,-0.447219,0.25854838,-0.48097786,0.69045675,0.35349932,0.14631885
0.022959176,-0.19710994,-0.3150229,0.2259663,0.7081171,0.39737836,-0.46837595
0.27928275,-0.5731203,-0.47851923,-0.02209185,0.120979905,0.280165,-0.06264955
0.20100175,-0.30421647,0.25840428,0.1184222,0.6163079,0.661281,0.1031886
-0.41118774,-0.5524715,-0.515651,-0.22941826,0.37477702,-0.11327709,-0.4825408
0.031574696,0.087292686,-0.20110844,-0.08450946,0.41460624,0.24829254,-0.31477627
0.040610418,0.08902159,-0.14014295,-0.21223314,0.67403525,0.24758713,0.041929856
-0.03280859,-0.2003194,-0.18425201,0.060336594,0.516764,0.49473292,-0.09986537
-0.35416958,-0.16493633,-0.16880667,-0.269889,0.4598901,0.2967576,-0.013045127
0.33807012,-0.11440722,-0.6661305,0.042772412,0.71378917,0.24449417,0.10265547
0.66286534,-0.028985571,-0.043817755,0.22797783,0.7240266,0.40849724,-0.1037431
-0.14315113,-0.46164224,-0.61758965,-0.253436,0.08125602,0.16455507,-0.13968268
0.105380714,-0.31051016,-0.05079469,0.30865046,0.56065196,0.2765774,-0.1685635
0.14108498,-0.22987545,0.3168654,0.02162127,0.5095563,0.15214996,0.06886404
-0.089774586,0.12604873,-0.048563987,-0.36087415,0.401282,0.18081,0.29750654
0.17389645,-0.6134485,0.38678056,0.23308961,0.61705106,0.6170234,-0.0043920646
0.12864144,-0.3803529,-0.3411438,-0.009225231,0.33518395,-0.053598695,-0.2147152
-0.39884707,-0.5587598,-0.27041528,-0.23550084,0.4616478,0.32207417,-0.35445115
0.09581729,-0.4828297,-0.10114907,0.32564262,0.40342438,0.09733411,-0.24713117
-0.064288855,-0.16560227,-0.2551546,0.32340202,0.6364381,0.48131362,0.009294579
0.19352116,-0.49391618,-0.0364028,0.010351274,0.2219216,0.17822675,-0.4056822
0.41644,-0.5266835,-0.27811003,0.521182,0.61787885,0.42133018,-0.46605086
0.39396206,-0.27453935,0.25062665,0.034647115,0.8144642,0.7399721,-0.105291136
-0.156967,-0.40605363,-0.0009366584,0.020377073,0.7894775,0.508837,-0.4681978
-0.05651306,-0.57780236,-0.20446764,-0.42890975,0.20081383,0.4992055,0.26947135
-0.056811083,-0.45246765,0.7537647,-0.4218621,0.75218564,0.57836515,-0.30502105
-0.24551982,-0.47326443,0.11887646,0.31923768,0.5784364,0.5093897,-0.5957908
-0.18983158,0.17089994,-0.5773825,0.03987532,0.40299776,0.3476867,-0.54605836
-0.2722931,-0.41506815,-0.050168492,-0.2725689,0.42307153,-0.1971901,-0.4641987
0.20752709,0.030663766,-0.32654467,-0.20401432,0.5162229,0.18566065,0.11736185
-0.0068352493,-0.40481296,0.29244342,-0.28868648,0.72335,0.12844965,0.28572282
0.12637208,-0.22721663,-0.28735164,-0.08317445,0.43275777,0.44087586,0.015152523
-0.14810018,-0.31543562,0.23924288,-0.4462023,0.68658775,0.3411704,-0.44870612
0.08299622,-0.2690814,0.04619324,0.23506834,0.31886652,0.26336768,0.20056254
-0.3106723,-0.22875823,-0.47454718,-0.09856513,0.08810849,0.10819033,-0.052101057
-0.17287143,-0.6703416,-0.1678924,0.22523531,0.49332112,0.36667594,-0.13222575
0.32886288,-0.66417134,-0.32186195,0.17932534,0.6437981,0.49132848,-0.11202827
-0.38423657,-0.13428232,-0.34298864,-0.28270307,0.50679123,0.31901187,-0.1620427
0.08718522,-0.65572256,0.18041888,-0.6629577,0.5506931,0.45281687,-0.27687928
0.11909518,-0.20982917,-0.23244824,-0.16841629,0.26072562,0.25579876,-0.12285182
-0.50006425,-0.25125495,-0.3571185,-0.104664244,0.16780557,-0.17491668,-0.18892382
0.2586122,-0.26921704,-0.6568222,-0.16974688,0.78018945,0.6586601,-0.3415023
0.13458176,-0.068601646,-0.31367952,-0.13578413,0.5640327,-0.051793326,-0.24299453
0.17996635,-0.07180865,0.5542529,0.3093102,0.7846435,0.60891,-0.0047317003
-0.44759914,-0.5312142,-0.5654327,0.03323027,0.10755384,-0.19644645,-0.08376637
-0.20645767,-0.37063116,-0.026408534,0.28148937,0.52893424,0.21868235,0.084427625
0.18910837,-0.5575671,0.41779587,-0.29134095,0.7297093,0.6334667,-0.24342264
0.17439394,0.22514537,-0.0048248856,-0.20708121,0.26154745,0.3807568,-0.38742092
-0.15477099,-0.7088525,0.22949111,-0.027879717,0.48298097,0.18951328,0.027020099
-0.2551683,-0.20614667,-0.12103371,-0.20919718,0.3364092,0.3209692,-0.25187537
-0.112716384,-0.38872617,-0.24002665,-0.13689288,0.33813927,0.22807112,0.014368641
0.15262584,-0.090688646,0.23122641,0.24127796,0.37736946,0.15199979,-0.15034916
0.5493128,-0.39301014,0.021186568,0.3855907,0.72726715,0.4071529,-0.30481103
-0.041445803,-0.1151854,0.14924212,-0.13658439,0.7036831,0.09092669,0.058044765
-0.32403165,-0.51114976,0.19144017,-0.034758728,0.7196953,0.1452715,-0.52823687
0.40776366,-0.08774979,0.2060175,-0.23576762,0.6169732,0.16826418,0.060533274
-0.3402971,-0.4528285,-0.00067152234,-0.15289974,0.7608691,0.47654867,-0.21080096
0.17376882,-0.08406782,0.43279052,0.07668787,0.7100787,0.73509014,-0.20807499
-0.43369448,-0.51450735,-0.2859668,-0.084387146,0.6749812,0.3388792,-0.52730054
-0.49590966,-0.4172295,0.28403455,-0.28354192,0.22379528,0.21356525,-0.40220568
-0.19852369,-0.62166953,-0.18689935,-0.0077881897,0.5126789,0.31810173,0.04478292
-0.054608006,-0.11011537,-0.013273048,-0.10214425,0.5575225,0.2863046,-0.19968337
-0.14530991,-0.71496993,-0.388004,-0.56162477,0.4700385,0.28247765,-0.2574816
-0.056529474,-0.58685946,0.034581125,-0.036786865,0.58632755,0.29196337,-0.27135503
-0.22626068,-0.055889904,-0.0032269917,-0.3575507,0.3472832,0.11594319,-0.30381927
0.20239086,-0.21756123,0.40118417,-0.22187862,0.781445,0.33484784,-0.19067986
0.22465126,-0.31171986,-0.49147585,-0.07605303,0.33007726,0.25388858,0.05841553
0.13270664,-0.4116777,-0.16714115,0.36822823,0.5691869,0.4646508,-0.16364487
-0.12914339,-0.1642309,0.016222376,-0.3370662,0.38428667,0.39742154,0.14126483
-0.090895906,-0.25136083,0.47542313,0.32008022,0.4418788,-0.0077020694,-0.30707926
-0.09906007,-0.4487901,-0.0054505835,-0.27299887,0.7380712,0.44233185,-0.40196392
0.256775,-0.1376254,0.15580875,-0.37965947,0.7812149,0.47957152,-0.11410127
-0.3579191,-0.36989382,-0.05733972,-0.28095567,0.32148504,0.15630633,-0.30010504
-0.38908437,-0.16817361,-0.52831197,0.21452,0.66882956,0.30126998,-0.2078323
0.4624107,-0.43928418,-0.29398677,0.58462286,0.68915063,0.42947164,0.018445464
-0.29803202,-0.45562604,-0.33462083,-0.4653258,0.3766981,0.55808,0.1975633
0.32978344,-0.3348563,-0.10124184,-0.11155229,0.566062,0.31030473,0.06434367
-0.02125397,-0.346751,0.012466361,0.043757737,0.28013855,0.39584345,-0.13476829
0.3600291,0.3887548,-0.079925746,-0.20106004,0.6814039,0.15615144,-0.2998826
-0.1534961,-0.3537892,-0.35774142,0.20069338,0.14042194,0.07918243,-0.35105842
0.12082848,-0.22780629,0.038924195,0.37255228,0.46795696,0.13195592,-0.198809
0.041097645,-0.36927137,-0.3123129,-0.2597753,0.4625785,0.075182594,0.038645532
-0.07157751,-0.38028368,-0.3294073,0.042876832,0.19077882,0.17549434,0.09189923
-0.3496506,-0.38857874,0.010004019,0.35358694,0.554989,0.41091177,-0.56526464
0.1364154,-0.08236357,0.08242785,-0.3182274,0.31933096,-0.12765081,-0.29457477
-0.16353065,-0.07554888,-0.5799383,0.22092433,0.39849448,0.5463644,-0.19305694
-0.41498014,-0.6250295,-0.51421815,0.1146675,0.37102997,0.5131069,0.08392128
-0.3392291,-0.40284136,-0.33220854,-0.2938729,0.3476488,-0.15521187,-0.41344488
0.13210544,0.080602,-0.055354115,0.15109487,0.39779988,0.3373254,-0.50813395
-0.21729721,-0.30676416,0.42262915,0.09899915,0.6617357,0.30773076,-0.517011
0.13075304,-0.6586187,-0.15655777,-0.22071607,0.4510592,0.37883124,0.09843823
-0.3754141,-0.5177312,-0.09020675,-0.6751237,0.6723697,0.40605614,0.01825597
0.4185439,-0.19802856,0.5344404,0.081193395,0.46110818,0.5450365,0.0072056977
0.40419206,-0.22089343,-0.04988015,-0.2746635,0.5675389,0.33239043,0.013529317
-0.14752954,-0.09903674,-0.44490048,-0.14959985,0.068171345,0.20414618,-0.094085135
-0.24795474,-0.62802345,0.2026003,0.21478254,0.560613,0.2887892,-0.19217162
-0.0645227,-0.36699608,0.11794043,-0.45489225,0.51648307,-0.0035960127,-0.36162737
-0.07732657,-0.16378385,-0.19346906,0.060643043,3.806362e-05,0.068793796,-0.09716786
0.18878306,-0.39038566,-0.16698211,0.16526444,0.37951952,-0.12593764,0.006785774
-0.30764943,-0.15244062,-0.46561947,0.045936942,0.44353735,0.5111865,-0.39789918
-0.42815316,-0.82959294,0.43195415,-0.5723064,0.6857911,0.21854982,-0.108592704
-0.39663672,-0.4329399,-0.3736749,-0.25709486,0.49193734,0.20554093,-0.012630116
-0.16965538,-0.4542774,-0.302492,-0.1339106,0.2469967,0.23232529,-0.028705223
0.024327409,-0.21247496,-0.20284282,-0.28030306,0.18599117,0.08734765,0.38373396
0.2307826,-0.5003238,-0.050795123,0.13887794,0.2982801,0.1814427,-0.081179805
-0.018803226,-0.21329346,0.27010426,-0.113818586,0.48640206,0.39997217,-0.24878424
-0.040658776,-0.3873891,-0.042363048,0.2554414,0.41028967,0.18136801,-0.052117027
-0.43387082,-0.5969698,0.13525455,0.19163276,0.47262877,-0.10656053,-0.23549685
0.020841453,-0.484657,0.0038803753,-0.07463855,0.52907866,-0.08693857,0.013827926
0.23199247,0.090150736,0.4932486,-0.09017426,0.8452504,0.5740209,-0.14447968
-0.04679901,-0.46562934,0.12063677,-0.6329279,0.30692163,0.18509622,0.20635048
0.25743836,-0.20549381,-0.22695135,-0.15323639,0.17704695,0.19165498,-0.08448917
0.11746813,-0.02691893,0.21057066,0.15861058,0.49378696,-0.03130011,-0.42584765
-0.10270908,-0.3426557,-0.33575082,-0.36031666,0.24949011,0.17682275,-0.067081556
0.18882036,-0.35945386,-0.19352382,0.25231495,0.79835206,0.57345057,0.11592904
-0.06642433,-0.4113704,0.012865554,0.4230382,0.6718658,0.4887825,-0.46345824
-0.04336707,-0.045475654,0.20567708,-0.19690776,0.5747697,0.63260424,-0.3096347
0.11620189,-0.38631836,0.10368555,0.07770103,0.21439214,0.19823512,-0.21484177
0.5048271,0.31687704,0.058891483,-0.119839445,0.7379457,0.38899568,-0.12733786
-0.08462121,-0.5018729,0.2986134,0.33966747,0.47501487,0.49392822,-0.42773986
0.29547283,-0.48248613,-0.17169923,-0.60479945,0.68389815,0.67502385,0.13083795
0.013168575,-0.53257823,0.01608827,-0.2863053,0.7696559,0.5052477,-0.20689595
0.097188875,0.0050112037,0.18006894,-0.06898528,0.2964681,0.10979304,-0.12559935
0.14277561,0.05814844,0.015909025,-0.16678506,0.46391276,-0.1086097,-0.14873718
0.03296977,-0.51828516,0.32650134,-0.38680863,0.4680674,0.517717,0.35072228
-0.188433,-0.29543465,0.21311484,-0.026180243,0.3924982,0.32120457,0.31443277
0.2700995,-0.18697129,0.102265075,-0.19560625,0.27669707,0.11861731,-0.35738966
-0.16632447,0.0058503705,-0.29784012,0.016983636,0.6003009,0.1626314,-0.4532192
0.13087308,-0.4049223,0.08930545,-0.054121777,0.34822604,0.091237545,-0.20182279
-0.047418002,-0.3112906,-0.10407551,0.21523899,0.44270927,0.33013037,-0.3241871
-0.055212587,-0.2500796,-0.3156038,0.27911913,0.7621305,0.2994137,-0.27681324
0.102006376,-0.29757583,0.11532926,-0.15748656,0.53561234,0.563131,0.16026872
0.20683475,-0.3191455,-0.3005795,-0.04224311,0.6214762,0.21674037,0.41361314
-0.3343572,-0.34001273,-0.26168916,-0.061264202,0.4480072,0.06786762,-0.476334
-0.42960194,-0.38320538,-0.067567825,-0.52139,-0.0008146663,0.10696265,-0.12155027
0.12965713,-0.18723232,0.41505104,-0.06424072,0.35525396,0.30600291,-0.35315666
-0.008213095,-0.32181022,-0.00793169,-0.22348328,0.45114917,0.22988933,-0.18345603
-0.16931158,-0.50668025,-0.02134151,-0.3581501,0.83386254,0.5286557,-0.49756354
-0.05291178,-0.48022828,-0.20128046,-0.04533417,0.50171477,0.1418416,-0.04865325
0.18602765,-0.5095389,-0.021645993,0.4740398,0.52371794,0.52803206,-0.3640426
-0.3350982,-0.2804725,-0.41939998,0.09536397,0.7180425,0.13475823,-0.4821857
0.15566772,-0.33298433,-0.054036416,0.25489002,0.61382395,0.591241,-0.5638225
-0.18435097,-0.5607282,0.07528547,-0.025023727,0.4409942,0.29949066,-0.38034457
-0.09052223,-0.6488589,0.23727177,-0.32610467,0.65159893,0.26201344,-0.1749269
-0.337049,-0.6425451,-0.27893424,-0.446237,0.63289046,0.1661322,-0.11145419
0.23318273,-0.4230669,-0.2629951,-0.18334216,0.45905536,0.06619169,-0.3811174
-0.37271905,-0.4798041,-0.3873974,-0.1638308,0.4327955,0.009890528,-0.39922637
-0.25884286,-0.09702492,-0.47862828,0.11483129,0.2887407,0.19074303,-0.49649653
0.01656596,-0.42675862,-0.08010159,-0.029190697,0.22115809,0.1250572,-0.28962582
-0.3003106,-0.48983526,0.084489495,0.20485462,0.30006042,0.3878041,-0.25109464
0.03230316,-0.39657703,0.04018679,-0.12156608,0.29483616,0.17205264,-0.028729444
0.38134173,-0.6065316,-0.1349816,0.23231705,0.644456,0.3728061,-0.45619488
-0.27847645,-0.5033513,0.0210778,-0.42786384,0.62198406,0.027449094,-0.08611539
-0.37608063,-0.2747857,-0.022007763,-0.12865143,0.1666675,0.119993806,-0.28829384
0.17120288,-0.43566173,-0.11715436,0.17431141,0.19208974,0.22815453,0.008822475
-0.09518275,-0.31045935,0.06590161,0.088982664,0.65785587,0.21010672,-0.06707991
0.23257087,-0.11209996,-0.09494025,0.038024295,0.014239568,0.19692297,0.48042822
-0.6611325,-0.8338132,0.1175217,-0.5017699,0.51174694,0.36446956,-0.42914903
-0.04842728,-0.39646563,-0.0032928109,0.10490668,0.38111433,0.21165383,-0.0480418
-0.2419043,-0.01450605,-0.066832624,-0.20427015,0.22161038,0.35792658,0.48055583
0.28742564,-0.32492062,0.013600056,-0.15126398,0.05585849,0.38146737,0.35773042
0.039804813,-0.39839378,-0.22715047,0.2058594,0.48879758,0.30663517,-0.28332466
-0.11563872,-0.61444473,-0.035037365,-0.28262922,0.6094613,0.4868799,-0.26909003
-0.30591223,-0.35052404,-0.06888593,-0.21384,0.58590335,0.5773112,-0.044178765
-0.19777088,-0.48554677,-0.18952055,-0.14348507,0.42571077,0.117889,-0.13923778
0.003135178,-0.118728906,-0.41254935,0.110037826,0.1365138,0.3020963,0.3550314
0.18251432,0.00621287,-0.24067447,0.22477394,0.6482333,0.49872518,-0.2436112
-0.18660954,-0.25335842,-0.095001735,0.20720913,0.53972507,0.12458261,0.23354626
0.22808503,-0.49998105,-0.048889797,0.38184077,0.63716924,0.29802135,-0.035327602
-0.15225373,-0.57768375,0.004670331,0.38896105,0.57151234,0.4962074,-0.40105838
0.12011676,-0.352498,-0.61574584,-0.11121053,0.5315611,0.4524999,0.0024583228
-0.10481948,-0.15090604,0.22257726,-0.18249427,0.16253184,0.37854105,0.37294516
0.107870415,-0.40242016,0.3420133,-0.3610863,0.5744706,0.30440038,-0.08764569
0.23851527,-0.6179196,0.23586993,0.15141104,0.08813,0.60256696,0.20259778
-0.08315026,-0.5820735,0.16785912,0.049581632,0.42467886,0.4708597,-0.1493494
0.22561961,-0.20952001,-0.14174192,-0.3699726,0.49007463,0.2944696,0.182676
-0.10258534,-0.509314,-0.20945759,-0.29280385,0.23011486,0.117347315,0.14396381
-0.27541465,-0.49167946,-0.05585901,-0.2021252,0.38610166,-0.13888824,0.12103162
0.0335169,-0.5149931,0.24929361,-0.0019542968,0.6400099,0.4322205,-0.17133582
-0.09025943,-0.58522236,-0.2682714,0.18967302,0.60324603,0.35991693,-0.5771607
-0.4439648,-0.584196,-0.14485464,-0.13496408,0.44548434,-0.08824931,-0.5689824
0.0313716,-0.06640063,0.10160918,-0.2939139,0.02525393,0.12545054,-0.011435544
0.0023948126,0.16861671,0.3651732,-0.45653495,0.541729,0.116127886,-0.06427319
-0.0072801844,0.055484083,-0.027424026,-0.2961885,0.39312214,0.28174984,-0.20471853
-0.0073461644,-0.5182933,0.1429321,-0.23133223,-0.12723833,0.15436901,-0.007117618
-0.34547168,-0.5120556,0.047604024,0.030418985,0.76064646,0.29826304,-0.44629464
-0.19726545,-0.60792917,0.32343963,-0.054797336,0.6007623,0.19599259,-0.39525834
-0.24490552,-0.4085999,-0.40889165,-0.025874853,0.6865273,0.04765016,-0.21347162
0.17690058,-0.20302932,-0.08443191,0.12533101,0.5619599,0.34530893,-0.08033074
-0.08043945,-0.5685878,-0.16905893,0.0025930728,0.44748306,0.16295908,-0.16306433
-0.20251405,-0.53466666,-0.38621503,0.061241027,0.17558444,0.16505247,-0.09285879
0.010484013,-0.607053,0.075883895,-0.23188706,0.6849015,0.46237049,-0.27592224
-0.1112647,0.15435152,0.00410672,-0.15512833,0.37357727,0.03455462,-0.29807156
0.013330465,-0.513244,-0.552624,-0.28561205,0.41487536,0.17432253,-0.00759186
0.3554012,-0.037347253,-0.16835517,0.27606705,0.30944836,0.53279245,0.06248423
-0.11173179,-0.3543018,0.1796921,-0.22328961,-0.016536133,0.102975644,0.24053524
-0.3504641,-0.3835988,0.06384006,-0.33777207,0.6356467,0.39709142,-0.016569294
-0.29383063,-0.5886001,-0.24073587,-0.15319689,0.46603328,-0.16627818,-0.25770038
-0.101671,-0.53107744,-0.089339755,-0.20363936,0.16428716,0.21306781,-0.21905823
0.0069632414,0.034581155,-0.42141247,-0.15775184,0.2096161,0.28783324,-0.31253797
0.18907249,-0.2942565,-0.3489141,0.060765754,0.50625193,0.40691742,-0.3584324
0.13508189,-0.34035608,-0.075043105,0.06480774,0.37502402,0.16130245,-0.17718965
0.28582793,-0.2520274,-0.2117465,0.15900816,0.4690399,0.4331604,0.03348931
0.013688071,-0.49069217,-0.027084485,0.23264338,0.2470934,0.2090808,0.015067936
-0.06843322,-0.67628473,0.22132167,-0.420165,0.6313465,0.34258893,-0.019675074
0.27105102,0.07582016,-0.41076833,0.0021441034,0.53423756,0.35882148,-0.07508503
-0.1565015,-0.30272898,-0.023784664,-0.010162307,0.3750948,0.1194189,-0.40256754
-0.38884568,-0.25314018,-0.18818201,0.0036647462,0.47909954,0.029720118,-0.03179394
-0.17384568,-0.48737225,-0.24979879,-0.016908241,0.6297425,0.19963393,-0.24462272
0.23825544,-0.033725698,-0.29251802,-0.18571734,0.83428156,0.52536905,0.040557537
0.33664954,-0.26731288,-0.25389034,-0.06423002,0.6914064,0.3507087,-0.07580961
-0.028482515,-0.26909873,0.17854814,-0.009276398,-0.13525787,-0.2862301,-0.37831828
0.24543159,0.009516235,-0.28710055,0.3640367,0.49438623,0.22868034,-0.23422779
-0.08597394,-0.5918183,0.057979614,-0.5002354,0.1930956,0.3619859,0.30653715
0.25106636,-0.61377656,-0.113324694,-0.53990185,0.679054,0.51109064,-0.44887382
0.17414609,-0.38087374,0.32025144,-0.1412171,0.7322122,0.15357478,0.003936368
-0.23809426,-0.40761912,-0.044710774,-0.31317183,0.4555504,0.16651796,0.14577572
0.34815833,-0.21606271,-0.35503158,0.0077852453,0.29258958,0.18444791,0.10742881
-0.12893991,-0.30048728,0.1787818,-0.061545603,0.46082968,0.19569705,-0.110359386
-0.0097137345,-0.40057468,0.06121181,0.40361506,0.6069289,0.618557,-0.3635142
0.085013896,-0.1942486,0.1937698,0.12468967,0.24339211,0.30458984,-0.2678354
-0.036992826,-0.5159326,0.006514201,0.21152797,0.5268704,0.17992534,-0.34388667
-0.020061921,-0.32326192,-0.4333378,0.3063451,0.5546434,0.40866914,0.21202736
-0.102429554,-0.39662084,-0.38462773,-0.14729713,0.21988878,0.4627626,-0.12625249
-0.19922185,-0.41944635,-0.40332642,-0.2728692,-0.09779214,0.35070467,-0.19968978
0.005583227,-0.22836329,-0.23966448,0.20042007,0.45095286,0.30527818,0.03265488
-0.50540686,-0.37459666,-0.50515735,-0.004021569,0.54276675,0.14918405,-0.33747584
-0.26818588,-0.046829708,-0.18778282,-0.08045021,0.4667311,0.31597725,0.15534405
-0.045336273,-0.15714996,-0.5700865,0.33537826,0.5404263,0.5199669,0.09069357
0.28463578,-0.372093,0.1468966,-0.15770164,0.36766645,0.5710126,-0.0728944
-0.320572,-0.45587206,-0.077870704,0.36525488,0.29082742,0.30346146,0.0036579815
0.076386034,-0.39128813,-0.49111056,-0.28020844,0.5558073,0.18334559,0.14055164
0.32274485,-0.3107044,-0.7378028,0.09088441,0.43275186,-0.016319893,0.02626534
-0.09440894,-0.2765051,-0.0030379216,0.034446884,0.18528882,0.097160906,-0.088877976
-0.14701967,-0.3410952,-0.7870602,-0.06799525,0.5171941,0.32780614,-0.25736046
-0.15417089,-0.29001293,0.045381743,0.0017448303,0.036313504,0.10574926,-0.27426234
0.235666,0.06658849,-0.07372145,0.29349694,0.6013335,0.3039509,0.06817645
-0.014290869,-0.3326515,-0.15995726,0.08221707,0.44502723,0.22542913,-0.093362674
-0.10835167,-0.21081258,0.32987657,0.013073944,0.58105433,0.43120173,-0.37957722
-0.12323093,-0.71373487,-0.09781189,-0.3096819,0.17942026,0.050036985,0.13511173
0.075359225,-0.31127635,-0.06478879,-0.1600582,0.8172945,0.3143809,-0.16944465
-0.1143236,-0.065271296,-0.27403265,-0.09539879,0.43489036,0.28077465,0.31815964
-0.40554222,-0.4562927,-0.1520235,0.19115943,0.27155206,0.28282222,-0.10748097
-0.28504413,-0.471002,-0.13471693,-0.43393207,0.2871015,0.25566947,-0.33801624
0.18537763,-0.18559535,-0.3149475,0.16284692,0.5978538,0.5887783,-0.078573175
-0.041061666,-0.34315062,0.091101296,0.11189136,0.501772,0.13974324,-0.45211405
-0.16811061,-0.5415777,0.18786046,0.038223837,0.64627075,0.54036844,-0.5843498
-0.13888152,-0.43093798,-0.038679942,0.037581116,0.3668542,0.354918,-0.05496716
-0.3270514,-0.6011584,0.105132945,-0.24093097,0.50551283,0.25565666,0.034328174
-0.17329079,-0.6321212,-0.095564745,-0.5278347,0.31292567,0.30961537,-0.11236835
0.26928943,-0.39345813,0.21089643,0.2353057,0.501809,0.357969,-0.56388766
-0.37048578,-0.33319288,0.105130024,0.18628243,0.2490084,0.26037407,-0.42825037
0.040486142,-0.49632832,0.084925845,-0.20723718,0.45071295,0.29687196,0.110182524
0.13961026,-0.11420641,-0.11811858,-0.084381685,0.6657936,0.3160517,-0.2293713
0.12547456,-0.33505353,0.16271071,-0.20647238,0.30039227,0.25631458,-0.0074710553
0.27346388,-0.18726012,-0.23590127,0.21128762,0.43267232,0.40812305,0.24790475
0.3653757,-0.30658302,0.50359535,-0.07257963,0.5717285,0.39263132,-0.13480435
-0.42120677,-0.5503297,-0.44228503,-0.046689577,0.60914963,0.1379145,-0.64979976
0.3819543,-0.45366645,-0.19192469,-0.073355794,0.2952974,0.08555243,-0.323134
0.36695033,-0.02698015,-0.17599846,0.048330948,0.6841326,0.3403197,-0.11608245
-0.16099267,-0.2569796,0.32360068,-0.112686776,-0.014605598,0.21546516,0.010738735
0.063561246,-0.5160909,-0.15056215,-0.1595337,0.58162856,0.20190105,-0.57282424
-0.15748328,-0.26046315,0.217259,-0.026443582,0.5133385,0.08082743,-0.15624031
-0.05241849,-0.527316,-0.09437528,-0.069398195,0.33111566,0.33052242,-0.7316392
-0.49569884,-0.30963805,-0.5635338,0.044831917,0.043614358,0.34713987,-0.25426027
-0.04674572,-0.14184275,0.23297496,-0.07910351,0.45679796,0.4023812,0.09174185
-0.44455054,-0.19607241,0.32250732,-0.5575256,0.31844386,-0.14434949,-0.17903697
-0.020288361,-0.24206778,-0.1402284,-0.65373546,0.082595244,0.2425045,-0.061272494
-0.041431785,-0.3296968,-0.062592514,-0.022964768,0.5150601,0.56890106,-0.26276383
0.27069214,-0.50551635,-0.15012784,-0.09328421,0.74580026,0.28903952,-0.42613944
-0.440337,-0.7103542,0.5002674,-0.68871146,0.8091369,0.3405313,-0.53396606
0.42148244,-0.40642494,-0.026992848,0.12603083,0.25685528,0.42382658,-0.12740564
-0.13927384,-0.4033519,0.29550076,0.19251199,0.41798297,0.24059643,-0.4563316
-0.160122,-0.43628237,0.038651705,-0.57179093,0.18147278,0.3199487,-0.010308143
0.17334741,-0.6474314,-0.2832859,-0.40406126,0.38140526,0.31556278,-0.077621475
0.107669085,-0.36183345,-0.11472964,-0.14157891,0.47371107,0.050989315,-0.14901656
0.011109684,0.04137814,-0.33838877,0.24351302,0.6446369,0.31833562,0.27151817
-0.29035354,-0.57138157,-0.10572531,-0.28365695,-0.19169877,0.014399153,-0.10088498
-0.24630347,-0.2123755,-0.07045881,-0.3916845,0.4557609,0.2035983,0.033576865
0.22641592,-0.33913848,-0.02858033,0.21220192,0.7224955,0.3916756,-0.049872424
0.29514685,-0.3848529,-0.32447425,0.20419033,0.06754394,0.4784471,0.16561314
-0.31313586,-0.04096822,-0.636942,-0.0005421999,0.27224088,0.37496817,-0.28871053
-0.11250758,-0.08167491,-0.56274164,-0.29946804,0.46684518,0.02154264,-0.20063102
-0.4029611,-0.7087315,-0.16872162,-0.17089818,0.3141635,0.12658224,0.13788322
-0.26063114,-0.3463861,-0.108425476,0.1735423,0.23522314,-0.05599267,-0.047790654
-0.07078945,-0.19494736,0.3835531,-0.15363634,0.5070872,0.22027497,0.08890323
0.09072526,-0.45239258,-0.434862,-0.110371135,0.5702814,0.5149025,-0.19552052
-0.08486813,-0.7530431,-0.0797247,-0.63289434,0.35650834,0.57750696,-0.16235335
-0.4542107,-0.47657788,-0.07390018,0.04672715,0.38967565,-0.030650811,-0.22768392
0.009551004,-0.5463788,-0.43314198,-0.56131506,0.42217407,0.2916117,-0.06805745
0.028148266,-0.15401259,0.07338161,-0.0106077,0.12898426,0.11582999,0.15317771
-0.1683195,-0.39489755,0.018898247,0.05681249,0.21237049,0.0448161,-0.4192513
-0.027323412,-0.0811588,-0.34078404,0.08633821,0.6439175,0.5698365,-0.25012407
-0.29001263,-0.29928777,-0.21971102,-0.26617593,0.70225054,0.1297909,-0.06350975
-0.65613574,-0.81838095,0.07687916,0.30832872,0.16966586,0.37558314,-0.7534076
-0.28798658,-0.49364507,-0.020917533,0.3736334,0.48346952,0.4553525,-0.38471022
-0.29427457,-0.44633234,-0.013428834,-0.3896039,0.48553008,0.2599155,-0.33601904
-0.49267858,-0.6840832,0.43075925,-0.68080366,0.4409705,0.08868768,-0.375026
-0.1402041,-0.38560447,0.41650805,-0.12514849,0.17043258,0.05911168,0.23866926
-0.07646529,-0.6009329,0.09088456,0.05695135,0.533234,0.16288128,-0.42936647
-0.010169789,-0.2619163,-0.13483332,0.02726867,0.33504638,0.315004,-0.29432648
0.04682225,-0.4254341,-0.13421258,-0.22865877,0.16089617,0.346424,-0.00029011676
0.040976267,-0.105162956,-0.038002286,-0.2564709,0.4669711,0.35193774,-0.3347727
0.08960797,-0.012646357,0.07369109,-0.24247922,0.53889054,0.4917074,0.26761317
-0.2589333,-0.5181628,0.43878892,0.06626648,0.5133481,0.19444251,-0.5124974
0.30596015,-0.14035523,0.1404598,-0.17031465,0.43779144,0.28830284,0.20356767
-0.124471925,-0.41678545,-0.092875265,-0.49178877,0.55169284,0.30688217,0.16031012
-0.17295355,-0.07219296,-0.35638216,0.20185514,0.30229145,0.43233955,0.0005839107
0.015460166,0.41689783,-0.34507772,0.1672634,0.327478,0.1590245,-0.4421448
-0.11551247,-0.28449625,-0.38273767,-0.04404985,0.15793398,0.33333483,0.17952858
0.087818116,-0.19579749,-0.19512048,-0.30176014,0.2850286,0.15776394,0.19987209
-0.45423755,-0.67257243,-0.41151494,0.06288779,0.07153743,0.058283407,0.26483217
0.07840613,-0.3892032,0.021570828,-0.26994208,0.17055127,0.33658588,-0.03088054
0.46644822,-0.21990581,0.2883373,-0.013868849,0.6510239,0.18372487,0.13973461
0.3087961,-0.51857746,0.30563867,0.24030758,0.286546,-0.024370704,-0.009040725
-0.014783019,-0.35352725,0.45487007,-0.13691801,0.45320085,0.31602356,-0.17653199
0.11223033,-0.023251064,-0.07754365,-0.044018753,0.3114704,0.3450617,-0.059138536
-0.5406516,-0.49026617,0.2905253,-0.50191575,0.587975,0.17002033,-0.10836604
0.1816279,-0.2312345,0.16701873,0.07119086,0.35304815,-0.011260277,-0.32817313
0.088074684,-0.27476043,0.117635794,-0.18338475,0.3853566,0.072850555,0.25498056
-0.13754082,-0.6197882,-0.22574101,-0.3222437,0.5847321,0.57738256,-0.18483235
-0.1508685,-0.32815632,-0.5948264,-0.10451835,0.6927282,0.46710214,-0.2888623
0.12356588,-0.6356668,-0.26639095,0.09640654,0.5045159,0.06688705,0.0060807397
-0.41266856,-0.66123325,-0.0058550253,0.18461367,0.33923662,0.05290715,-0.07007593
0.22779348,-0.27206588,-0.23121661,-0.2551981,0.24856795,0.07982742,0.05927985
-0.22052792,-0.36164138,0.2172104,-0.12376011,0.50845814,-0.14132024,-0.49544346
-0.10648242,-0.47999552,0.10869745,-0.028833607,0.049947876,-0.037815902,-0.06532578
0.16579336,-0.27490142,0.16825876,-0.33767113,0.82264084,0.30401084,-0.6052423
0.050213344,0.064813875,-0.17681018,-0.19460338,0.39553434,0.31445545,-0.050913543
-0.017371925,-0.22853965,0.26261088,0.04596958,0.2646484,0.1312396,-0.29205805
-0.1377648,-0.43811905,-0.037126474,-0.66686475,0.6348865,0.15199156,0.02435056
0.081688255,0.052922405,-0.30393225,0.1984835,0.5568667,0.25977248,0.1546934
-0.010273958,-0.0693488,-0.1049739,0.06504515,0.58939445,0.03982574,-0.26632687
-0.22674653,-0.69078845,-0.06547447,0.11685556,-0.028952561,-0.07576778,0.12250298
0.03427905,-0.36605716,-0.058753178,-0.24434511,0.31520718,0.41244826,-0.2082349
0.11697838,-0.29348162,0.044661734,-0.14029773,0.18151514,-0.024721952,0.2123829
0.45264253,-0.10796794,0.27597198,0.37388614,0.50126326,0.49591014,-0.36934307
-0.3393475,-0.3769128,-0.23148048,0.022173814,0.58089626,0.32584706,-0.3992021
-0.20773284,-0.11197391,0.30741292,-0.10699398,0.71229804,0.19219178,-0.36496717
0.15089613,-0.22330828,0.026798293,0.61000293,0.70375097,0.54520285,-0.23887639
0.017545745,-0.34701216,-0.23200725,-0.27704394,0.58297026,0.36196813,0.009775962
0.23576273,-0.2531204,0.17106082,0.2415262,0.5779958,0.2926609,-0.029904138
-0.2799265,-0.40121946,-0.6520643,0.36423656,-0.096777774,0.11722692,0.07757351
-0.18035091,-0.51472795,0.12555726,0.057648864,0.4014924,-0.12911789,-0.25165
0.18124399,-0.49373648,0.023027584,-0.24964574,0.013019944,0.32174885,0.052324045
0.07625788,-0.17008382,0.17324392,0.22093311,0.5033118,0.33828747,0.031091046
0.28094205,-0.5754172,-0.044652663,-0.03138223,0.6064331,0.41669858,-0.25661185
-0.23544392,-0.31968775,0.21568568,-0.03883898,0.34217167,0.32066375,0.41055167
-0.02163558,-0.5034189,0.061004683,-0.41648105,0.3025128,0.12603089,-0.12294229
-0.2917658,-0.3667156,-0.14200781,0.013574269,0.30710495,0.12840252,-0.14795905
0.31826228,-0.11958855,-0.15289572,0.12063058,0.48087147,0.20171909,-0.020122794
-0.007805576,-0.079235725,-0.450346,-0.030999666,0.5778443,0.43145052,-0.22583462
0.26540706,-0.6493292,0.12909903,-0.47313365,0.36810216,0.48965472,-0.3531681
-0.017753005,-0.3032894,-0.0042979615,-0.011913565,0.19564302,-0.05868163,0.07110671
-0.060422886,0.043526784,0.060009867,-0.12041733,0.62220705,0.46811625,-0.57436883
0.11449467,-0.32743323,0.08226105,-0.4447775,0.7072536,0.5067702,0.040238757
0.036328927,-0.12654875,-0.012116168,0.2160073,0.6101505,0.6148408,-0.33984786
0.39110407,-0.13424678,0.3534418,-0.17288877,0.7418279,0.6653551,-0.20166777
0.26786548,-0.11466663,0.125477,0.33307815,0.503478,0.42858377,0.18467034
0.10661824,-0.4376533,0.21281901,0.075640574,0.38198635,0.18094355,0.28921714
-0.15908685,-0.18300395,0.21823564,-0.015836073,0.4303511,0.059490714,0.08416827
0.0489093,-0.5258174,0.03204614,-0.00960933,0.25645712,0.14263685,-0.31905213
-0.17521252,-0.34529904,-0.14681186,-0.24494676,0.21651308,0.26399627,-0.27461106
-0.019641902,-0.2921831,0.18177271,-0.13681827,0.40078375,0.09292254,-0.32467267
0.3678458,-0.09743612,-0.16344203,0.5031645,0.72165185,0.67747825,-0.04116073
-0.26989424,-0.19395636,0.37744632,0.25604135,0.34284928,0.4195042,0.23999998
0.03163219,-0.4177946,0.065174654,-0.11274524,0.7128953,0.38680544,-0.2608243
-0.16423437,-0.08119004,-0.09841967,0.080854475,0.47248244,0.40822777,0.103345454
-0.12987766,-0.6024696,-0.37346396,0.28723392,0.5094113,0.520456,0.14654984
-0.22137322,-0.32674992,0.043871995,-0.3743111,0.0012861356,-0.2617979,-0.24324106
0.063541085,-0.617522,-0.007243292,-0.09692282,0.58794415,0.41753557,-0.31953758
0.42629528,-0.41503853,-0.16143732,-0.07447586,0.42924216,0.5303776,0.038455144
-0.3312391,-0.4562592,-0.37065092,-0.28587088,0.08806164,0.37171575,0.31960833
0.13640574,-0.24450333,0.30746335,-0.26362044,0.49194098,0.2310648,-0.28181806
0.21482654,-0.14881632,0.043185145,-0.20786312,0.4360324,0.55285525,0.30708823
0.43596956,0.42485082,0.54944783,-0.16588798,0.6589372,0.4728574,-0.16362756
-0.042386673,0.36301205,-0.121607915,0.14486724,0.4423306,0.10374198,-0.15539671
0.060620144,-0.049279165,0.27831584,-0.24924108,0.58283466,0.114772744,-0.06930024
-0.16222647,0.06242774,-0.48260355,0.04056588,0.5860767,0.4965511,0.1826154
0.30770752,-0.5063223,-0.19684319,-0.13290095,0.43087143,0.44939375,0.25491035
-0.28965873,-0.30641988,0.0753995,-0.29446006,0.5324978,-0.22537403,0.122307085
0.40004936,-0.4000731,0.034262203,-0.16400985,0.5066425,0.48609754,-0.20365411
-0.48384055,-0.50173515,-0.037727468,-0.27177763,0.54141724,0.26510412,-0.24724299
-0.04622233,-0.483239,-0.19633497,0.016297627,0.34997293,0.3090494,0.2383133
0.08622662,-0.40877724,0.46668324,-0.14803751,0.5014536,0.1323903,-0.21921167
-0.51766294,-0.4531845,-0.3259315,-0.28774148,0.4742576,0.24967195,0.00037003448
-0.4711949,-0.5284361,-0.10333788,-0.16295767,0.12889291,0.19423358,-0.023674415
-0.20297122,-0.39171404,-0.39595452,0.12579069,0.19298184,0.35958266,-0.5188152
-0.34638974,0.024332458,-0.41584048,0.27623758,0.436526,0.6333365,-0.4741135
-0.8288146,-0.7609536,-0.110030316,-0.083254196,0.22428049,-0.24778685,-0.4979262
0.35738748,-0.08575989,0.21185373,-0.27213356,0.4494371,0.59274095,-0.03349858
-0.34677666,-0.72448397,0.016589956,-0.56582797,0.49359688,0.22067995,-0.0038873395
-0.15343273,-0.323066,-0.48181358,0.13562447,0.21652208,0.25701684,-0.17303665
0.05350722,-0.27383745,-0.38404584,-0.2187856,0.6445959,0.14203906,0.20837645
0.02823414,-0.33241102,0.16996752,0.10988315,0.10099495,0.024484262,0.17427981
-0.031344954,-0.54889363,-0.5248694,-0.4915085,0.25888622,0.24088562,0.3296798
0.39504263,-0.44273055,0.058643363,0.124003,0.48014176,0.26965836,-0.14239691
0.19893275,-0.6413165,0.07528469,-0.24982971,0.8316784,0.47838035,-0.3694977
-0.18432094,-0.25528845,-0.07454245,0.026698608,0.40739697,0.3640256,-0.20272231
0.072773516,-0.71162385,0.17712787,-0.50416225,0.31464607,0.1396055,0.10353776
-0.09142467,-0.27886188,0.3203649,-0.30621657,0.53828937,0.09502031,-0.507243
0.21504265,0.10324662,0.08191817,-0.022768307,0.65984565,0.56315774,-0.5441815
-0.06264623,-0.5751459,0.24819373,-0.55001086,0.38417348,0.2180294,0.14021315
-0.06565551,-0.33652222,-0.20218088,0.25774008,0.12734643,-0.034115914,-0.18954483
0.08901427,0.019587984,0.030213483,0.2113854,0.3285969,0.2642816,-0.45748398
0.17844619,-0.043873332,0.016793652,-0.23589736,0.6966253,0.22713122,-0.57576805
-0.09610065,-0.25698858,-0.10213433,0.24394964,0.5715458,0.43097237,-0.1992223
-0.07415123,-0.594576,0.13420293,-0.16801785,0.68794537,0.2922316,-0.22660501
0.10019943,-0.21454002,-0.10114225,-0.18271518,0.43621054,0.40621376,-0.2535421
-0.16088098,-0.02398043,-0.13678952,-0.2039276,0.556933,0.22079447,0.08992129
0.1713128,-0.19341084,0.10492623,-0.45615909,0.41179824,-0.016047,-0.00070716284
-0.17451647,-0.40233928,0.31533554,-0.11108525,0.54075265,0.17040014,-0.23999195
-0.04923066,-0.077019505,-0.105572924,0.16073976,0.5186096,0.22350904,-0.18204582
-0.26055625,-0.39816114,0.6539054,0.11800986,0.5866869,0.014856532,-0.19576162
0.12355748,-0.5654133,0.1839195,-0.23434097,0.34666893,-0.18247326,-0.2492457
-0.28158718,-0.60775304,0.18000183,0.027019804,0.50254446,0.24203934,-0.26122558
0.12046227,-0.2799346,-0.58100903,0.11042913,0.4769152,0.2991711,-0.05661226
-0.010294997,-0.61828,0.3302543,-0.6338985,0.46347705,0.3086481,0.44877914
-0.004130295,-0.6395096,0.28364557,-0.7411342,0.37421528,-0.07684017,0.033171393
-0.021281186,-0.18271156,-0.21092,0.24513808,0.6255911,0.555458,-0.3531147
0.10794352,-0.17444113,0.093038596,-0.2456975,0.120393164,0.12333026,0.14946763
-0.13793755,-0.254207,-0.31220528,-0.23214585,0.6608956,-0.09798792,0.29119048
0.24338715,-0.42144492,0.11980006,-0.18074127,0.46265948,0.5297786,-0.015944207
-0.072833166,0.22680116,-0.3190232,0.12334311,0.7331268,0.39624313,0.17493793
0.18797684,-0.48752064,0.33606443,0.2611361,0.40720963,0.3608125,-0.09705781
-0.48563442,-0.56566346,-0.13739751,-0.12149581,0.43111286,0.20346452,-0.034257676
-0.13449053,-0.6446222,-0.057122108,0.005617895,0.5803723,0.30581516,-0.18770221
-0.24790224,-0.4384814,-0.59601635,-0.40015787,0.28115624,-0.029162053,-0.21816143
0.28532863,-0.2326462,0.10958725,-0.47074538,0.7231525,0.36097413,0.2865258
0.03658955,-0.15954421,0.0976859,-0.10171013,0.16665635,0.32562804,-0.062047735
-0.15025799,-0.50577223,0.11969907,-0.6113434,0.40738788,0.3354759,-0.24440366
-0.44657564,-0.35210198,-0.2709321,-0.16049418,0.44167686,0.22991793,0.094787605
-0.09849765,0.2626466,-0.4524802,-0.06390021,0.53382516,0.13721515,-0.28077438
-0.105308376,-0.32774022,-0.39738494,-0.1648238,0.29585767,-0.13030875,-0.23554362
-0.35423794,-0.28466436,-0.27778006,0.3124365,0.30310515,0.17808229,0.113918446
0.08679638,-0.21976227,-0.3203865,-0.086085536,0.53714377,0.43891332,0.2932331
-0.011166078,-0.18204927,-0.34363356,0.12122079,0.44622898,0.015408168,-0.25329036
-0.12845811,-0.24052888,-0.5260173,-0.29009846,0.07459122,0.08308698,0.15502566
0.18313444,0.023300285,-0.037057094,0.056435145,0.5484201,0.23834181,-0.10886691
-0.42171827,-0.5558128,-0.17245835,0.42917204,0.6202358,0.5263087,-0.4306554
0.20014292,-0.58494705,0.067473166,-0.36339408,0.643126,0.48841652,-0.3134898
-0.41963956,-0.6921038,0.19316068,-0.6134898,0.5081022,0.12477657,-0.45842138
0.11157037,-0.237859,0.08334361,-0.50833905,-0.041507382,-0.030578943,0.3989225
-0.13039847,-0.024700845,-0.19533204,0.5541402,0.5157819,0.46803582,-0.5369407
-0.2962423,-0.65512836,-0.54095715,0.29496938,0.19060586,0.18860874,-0.41131964
0.09280072,0.030307231,-0.0041782106,-0.34924516,0.29538533,0.30226192,-0.06419143
0.06627349,-0.48394024,-0.03800468,-0.111059874,0.5729719,0.2704581,0.063573465
0.057228263,0.12392911,-0.06293255,-0.5051268,0.7872159,0.40869278,-0.13667986
-0.059002243,-0.30001524,0.26806864,-0.15924297,0.27020547,0.061978254,0.06779353
0.12962475,-0.108410574,-0.45782393,-0.0081051355,0.34867877,0.47544342,0.257532
-0.39794335,-0.47050723,-0.06770191,-0.3613666,0.29984784,0.053500578,-0.040078055
0.08933978,-0.63762367,-0.36040875,-0.033914134,0.7171722,0.41211557,-0.29173896
0.063360214,-0.2754588,-0.17677176,-0.306414,0.43715316,0.3786348,-0.055250194
-0.19044656,-0.3046984,-0.09386153,0.1473033,0.38563624,0.16746573,0.19244193
0.10843883,-0.055715974,0.32659087,0.14695431,0.44212466,0.2866296,-0.14439122
-0.022204919,-0.34489182,-0.115697905,0.03373141,0.5437985,0.41143277,-0.29863992
0.06765546,-0.34608656,-0.58654034,-0.051452637,0.17992017,0.13537443,-0.1494588
-0.33757246,-0.752477,-0.17565365,0.127803,0.22945213,0.15666454,-0.24024081
-0.17387348,-0.44686073,-0.19932897,-0.4724259,0.42422408,0.113517575,-0.45656428
-0.12767132,-0.013809218,-0.19618767,-0.25908488,0.55561817,0.5252322,0.018387578
-0.057258528,-0.4764847,0.17534019,0.04156009,0.74817735,0.24818894,-0.30087614
0.22611396,-0.56067353,0.16264957,-0.21093266,0.3346528,-0.043441594,-0.1448192
-0.36074358,-0.30518246,-0.39551553,-0.14512919,0.6185375,0.28564516,-0.5815908
-0.22482021,-0.4939697,-0.25936225,-0.24083112,0.255978,-0.1828261,-0.0472264
0.29781467,-0.033770826,-0.10860037,-0.038818862,0.2969387,0.30352128,0.34212616
-0.01464061,-0.056989048,0.013737355,0.31903073,0.2785966,0.2305248,-0.069578476
-0.36883378,-0.1449106,0.33093506,0.14114583,0.77233493,0.48608416,-0.32581094
0.047655344,-0.59316933,0.050850566,-0.5360439,0.017248534,0.31686005,-0.24393798
0.27642798,-0.34521386,-0.31493148,-0.17967455,0.50932336,0.49503702,-0.00040518344
-0.015308159,-0.42615122,0.14271206,-0.23660241,0.22164561,0.16847667,-0.38753358
0.27708998,-0.46642888,-0.41197082,-0.2511384,0.49062634,0.20422171,-0.12415718
-0.38526332,-0.4730559,0.24729219,0.13462323,0.443233,0.33935916,-0.3149099
0.066262774,-0.12435988,-0.069537155,-0.17816365,0.5629709,0.25733238,-0.43082097
0.15549606,-0.28038377,0.28994876,0.078936175,0.14977807,0.3989074,0.4522392
-0.54838324,-0.14445241,-0.6886924,0.32493857,0.2150407,0.13060987,-0.42637306
-0.364995,-0.6846257,-0.42968833,-0.10542757,0.7321563,0.020215208,0.010897102
0.047261953,-0.369614,0.052460723,0.31547987,0.6836487,0.75785327,0.079065435
0.21889794,-0.38187096,0.16947131,-0.08162062,0.09137981,0.31142542,0.043881316
-0.18512204,-0.70945275,-0.07841456,0.09906731,0.21261844,0.2439427,-0.22357443
-0.17626716,-0.27811667,-0.27749702,0.34496918,0.2671023,0.18989953,-0.3272442
-0.5734477,-0.4259575,-0.23361932,-0.47872847,0.26610616,-0.20469403,-0.4118355
0.13716537,-0.03600846,-0.057791516,0.06248654,0.7820469,0.72209495,-0.24025854
0.096831836,-0.3384648,-0.08390198,0.34043813,0.77588207,0.44970766,-0.6009161
0.23624569,-0.26234326,-0.13982779,-0.1328006,0.25197193,0.20659573,0.12073625
0.033043973,-0.39918894,0.20369251,-0.06448608,0.17778163,0.16186213,0.28582403
0.199937,-0.41943184,-0.16880856,-0.21347849,0.17871468,0.5179093,-0.5248798
0.03502932,-0.38531426,-0.21031244,-0.47877687,0.5540843,0.121747866,-0.41711345
0.35549906,0.033093683,0.0006283206,0.33324528,0.39577788,0.25109804,-0.25195187
0.11955309,-0.1531991,0.056732707,-0.10992177,0.5919515,0.4917699,-0.3259931
-0.28503913,-0.4746953,-0.09296118,0.2303363,0.47465333,-0.056440998,-0.23797251
-0.24395436,-0.3889571,0.010506791,0.4722793,0.43706992,0.19321182,-0.55114794
0.17532305,-0.17270228,-0.58772177,0.03998845,0.5883594,-0.038422644,0.0678787
0.22219804,-0.4027788,-0.5489138,0.07583945,0.56859493,0.21620569,-0.03177393
0.074390516,-0.24779287,-0.27570587,0.05132619,0.09881236,0.040628664,-0.24718162
-0.59846425,-0.6803794,-0.27978554,-0.3120044,0.24580522,0.031858537,-0.38241556
-0.057952262,0.02571369,0.14141412,-0.55807275,0.54988146,0.43675125,-0.18612984
0.055621393,-0.20320193,0.05675948,0.17654501,0.44489023,0.3821013,-0.11980996
-0.120760635,-0.4909548,0.20151217,-0.35485113,0.74137104,0.40197033,0.10001229
-0.1683993,-0.74844354,0.21860805,-0.112763576,0.13006362,0.24056059,-0.5335301
0.3175506,-0.110112295,-0.30919194,-0.2757502,0.36595684,-0.015145518,0.1845001
-0.5140129,-0.5132664,-0.79385215,-0.32930708,0.56609553,0.17574264,0.32667688
-0.36647388,-0.5983825,-0.45590246,-0.6763871,0.030065563,-0.0242137,0.39186218
-0.019486891,-0.098268524,-0.0140402345,-0.25173903,0.46191153,0.018222552,-0.2212566
0.33795702,-0.4876264,0.013450715,0.13433415,0.35264552,0.48832244,0.31581068
-0.11254797,-0.53343415,-0.52546734,-0.30794853,0.63584757,0.2997283,-0.26233396
-0.16853753,-0.08635842,0.14557564,0.30571303,0.3248789,0.34579659,-0.2244129
0.0826115,0.15593508,-0.39017466,-0.02118137,0.41257086,0.4646848,0.0031214938
0.058613,-0.45735687,-0.0065131467,0.094519526,0.37081555,0.22241199,-0.22054788
-0.059140347,-0.6287455,-0.09887796,-0.21195477,0.4631296,-0.05188071,-0.6411226
-0.14642304,-0.5176288,-0.28842825,-0.11491377,0.7178428,0.50958997,-0.41384828
0.13919693,-0.11437344,-0.40459502,-0.15934458,0.6942308,0.47134638,0.030323926
0.18719648,-0.39281392,-0.19203138,0.12487424,0.5815198,0.35695764,0.17097805
-0.1951289,-0.27009085,0.21043544,-0.055317946,0.47428492,-0.04724028,-0.14240147
-0.15255295,-0.31699204,-0.615569,-0.19071117,0.56397986,0.3306126,-0.1445975
-0.1473743,-0.59704137,-0.20351928,-0.247848,0.3169445,0.394585,0.17622364
0.20695502,-0.55608284,0.062356856,-0.19784193,0.24440071,0.16787803,-0.24366444
0.23106575,-0.33081725,-0.06303246,-0.2095877,0.21436742,0.184732,0.5544262
-0.059596833,-0.2753254,-0.19040242,0.3107489,0.17903197,0.030576622,-0.31856087
-0.12635466,-0.41369537,0.01590204,-0.16227055,0.37209967,0.04825775,-0.2590205
-0.24723132,-0.63145536,0.4898985,-0.19338614,0.114174485,0.37924764,-0.41882402
-0.04426627,-0.49436286,0.12395977,-0.05097863,0.5483495,0.057752546,-0.32893032
-0.3715408,-0.45096007,-0.47529256,-0.075134486,0.20179205,0.38580927,-0.34481353
-0.06387487,-0.43106398,-0.022488305,-0.5334545,0.19084615,0.011508322,-0.09351942
-0.49281192,-0.52741045,-0.20649639,-0.3840229,0.8282503,0.20024477,-0.25420442
-0.10668002,-0.215446,-0.46203366,0.17934558,0.1115319,0.38940158,-0.07819699
-0.19590563,-0.552208,0.04849059,-0.20584998,0.11249347,-0.102033876,0.1020268
-0.45147845,-0.30939716,-0.2961831,-0.18375506,0.49570733,0.21273832,0.1339039
-0.14423715,-0.336722,-0.07777453,0.35934418,0.75744975,0.372816,-0.34785697
-0.28763193,-0.1523007,0.028412005,-0.005755404,0.5829851,0.3372531,-0.4426237
0.082853846,-0.023174694,-0.7702547,0.12406191,-0.024227817,0.10012165,-0.33721736
0.059780635,0.0822607,-0.15992594,-0.30841076,0.69771355,0.50911117,0.008617926
0.1831321,-0.15039371,-0.03712202,-0.46496996,0.6182786,0.35718971,0.417625
0.15151457,-0.22980924,-0.059394516,0.074289486,0.5157174,0.48755416,-0.12479553
0.088761725,-0.14746583,-0.09722957,0.20753221,0.69588333,0.6760528,0.012925927
0.12010208,-0.33192348,-0.28066388,-0.08578785,0.35423306,0.5130719,-0.010960711
0.04888369,-0.28857985,0.107880495,0.17127523,0.61228675,0.43207973,0.23430331
-0.11365375,-0.49242768,0.24321519,0.1765467,0.647554,0.37997502,-0.51133037
0.02921883,-0.5750329,0.06560314,-0.4867469,0.30824465,0.34809256,0.13055429
-0.31862935,-0.37358347,-0.15431087,0.10813497,0.37566262,0.065059975,-0.5665098
0.13413407,-0.27130902,-0.37118632,0.081741855,0.40774834,0.1483978,-0.26646855
-0.20656195,0.005345868,-0.20386347,-0.32431546,0.5718724,0.30032584,0.187056
0.067169875,-0.42868277,0.18737465,-0.016772175,0.7128822,0.6475113,-0.6985731
0.38782975,-0.24048859,0.12989233,0.42709306,0.77274793,0.6053447,-0.2971491
-0.09334006,-0.5907731,-0.4172645,0.22354807,0.67471844,0.40759268,-0.029740421
0.13541684,0.08990279,0.25016043,-0.077196725,0.6680539,0.3597055,-0.1819449
0.3091734,0.056566853,0.37186837,-0.09689328,0.740616,0.43352684,0.010396293
-0.18796387,-0.12456312,-0.058511455,-0.25803325,0.32998934,0.0449626,0.08754455
-0.10052405,-0.5405303,-0.18965387,-0.31526777,0.43713802,0.21173726,-0.04822258
0.048670474,-0.6979891,-0.12468327,0.022694819,0.31091788,0.19652121,-0.28551576
-0.27990952,-0.14727686,-0.17483197,0.09307304,0.35881191,0.116932265,0.13101019
0.2766136,-0.17538877,-0.24248785,0.42580155,0.65966654,0.16633013,0.07138146
-0.15897284,-0.22093725,-0.52129275,-0.29259259,0.2863701,0.06298277,-0.0067917383
-0.5643174,-0.3824849,-0.32495326,-0.28723592,0.63729316,0.43550962,-0.47058347
-0.16111358,-0.33218196,-0.08952951,-0.26210168,0.50972766,0.38712585,-0.17085326
-0.051582687,-0.54516816,-0.18398513,-0.2446914,0.6615359,0.41817632,-0.25874683
-0.387743,-0.32638675,-0.40233552,0.0075483453,0.30359918,0.031131376,-0.059662282
0.41661987,-0.52285033,-0.1197031,-0.24070618,0.46959388,0.58996934,0.3050305
-0.032942347,-0.176704,-0.025068838,0.5362491,0.28634775,0.1973417,-0.1707498
-0.011925407,-0.3408294,-0.13666815,-0.024056714,0.2684554,0.10080756,0.50458854
-0.288065,-0.6092616,0.05864156,-0.1861384,0.55170524,0.3754515,-0.23880546
-0.089711465,-0.039370324,0.16808255,0.04094017,0.42769536,0.23046073,-0.23278423
0.15519233,-0.64015603,0.089130424,-0.2571733,0.14775924,0.36418006,0.20857985
0.21797109,-0.02303822,0.1842346,0.14447846,0.55575955,0.6577367,-0.37956345
-0.12373588,-0.80973184,-0.21630722,-0.45306778,0.8033411,0.3374848,-0.28315073
0.18997888,-0.018604709,-0.055184014,-0.30255035,0.6752977,0.052706465,0.5950854
-0.025915898,0.52431333,-0.49882218,0.09348914,0.35877633,0.020370057,-0.18417694
0.5527716,-0.49261335,-0.4098845,-0.09298621,0.71882606,0.51128477,-0.2694998
-0.2817611,-0.26037094,0.031086655,-0.24351385,0.25821105,0.117942885,-0.2348795
0.28580698,-0.34439066,0.49769637,0.3189476,0.60870326,0.6073964,-0.16779788
-0.03471744,-0.26122025,-0.49114493,-0.06785733,0.5869286,0.11972726,-0.1810104
-0.12792067,-0.22704594,-0.11945403,0.07086307,0.5971716,0.23243375,0.25108996
0.03448598,-0.41415057,0.5879561,-0.11661277,0.67148584,0.26266703,-0.4723532
0.15846558,0.23557654,-0.46027684,0.09108192,0.6283121,0.1597072,-0.2543932
-0.6095564,-0.63990766,-0.33320048,-0.46112272,0.6022291,0.1573068,0.1045279
-0.29924655,-0.48243368,0.21575567,-0.20210549,0.41929477,0.44857493,-0.21876813
-0.19507235,-0.13016637,-0.16527297,0.16830006,0.34256113,-0.09285063,0.09841097
0.00623954,-0.5135658,0.16374974,-0.44471818,0.6941297,0.2559996,0.059443723
-0.6487201,-0.65898293,-0.1672573,-0.02918878,0.3923917,0.115437545,-0.30640024
-0.18194512,-0.6952068,-0.13680853,-0.2689436,0.6998874,0.27724618,0.20481074
0.12912768,-0.10933315,0.015423023,-0.27330342,0.41596025,0.412231,-0.014246428
-0.022229373,-0.03450552,0.15630537,-0.22263841,0.64055836,0.31006476,-0.25875288
0.079965524,-0.058099277,-0.08864819,0.024679154,0.4050886,0.25016245,0.19674136
-0.030698048,-0.29930565,0.16329198,-0.52138734,0.49275586,0.38219243,-0.2813602
-0.4874554,-0.5557744,-0.649944,-0.36038518,0.6127763,0.33198595,0.49019465
-0.09669898,-0.45599905,-0.4282498,0.42408004,0.42012975,0.29700726,0.20775282
-0.18823612,-0.5599019,-0.33215445,-0.27361742,0.39410228,0.11023154,0.120269954
0.3111771,-0.16537571,0.09037244,0.03078453,0.24851185,0.36952367,-0.2175473
0.23614457,0.13761503,-0.089444205,0.33322918,0.58629286,0.13653637,0.24471262
-0.24196807,-0.11228735,0.118625484,0.3479503,0.63824916,0.3004639,-0.51349
-0.27705067,-0.4601538,-0.1653239,-0.084772825,0.3622451,0.3258531,-0.39861917
-0.055460516,0.1355315,-0.07100193,0.28996915,0.6641301,0.17198995,-0.41595694
-0.09653845,-0.34639,-0.3223342,-0.1574969,0.25173444,0.62126094,-0.10540359
0.024559725,-0.39787063,-0.445352,-0.07108303,0.1109892,-0.115123875,-0.5082051
0.15633711,-0.42432407,0.08246199,0.21246745,0.4874853,0.21549004,-0.31611115
0.06325386,-0.2833789,-0.2058822,0.22622848,0.46097362,0.5018044,-0.17812945
-0.030673634,-0.55111384,0.04040435,-0.3439197,0.3718496,0.2540811,0.07781805
0.3266972,-0.21038765,0.26548222,-0.06738637,-0.13484102,0.3300992,0.21325558
-0.32164785,-0.60881263,-0.07861257,0.076007105,0.08750001,0.113231234,-0.40330097
-0.37415826,-0.14060049,-0.14906062,-0.11962036,0.7839227,0.6809008,0.019726528
-0.0016284909,-0.21500123,-0.055664375,-0.25865236,0.18875949,0.33921462,0.1939021
-0.04749472,-0.3646754,-0.09266111,-0.03527962,0.39087847,0.41704467,-0.26432663
-0.2564772,-0.72697216,0.21843791,-0.66686,0.29219446,0.12441918,0.35152847
0.06430617,-0.18665181,0.17525913,0.12440377,0.6921449,0.49320507,0.14194193
-0.5348832,-0.3862429,0.19535156,-0.42290097,0.46510077,-0.04987372,-0.38778284
-0.30488414,-0.22408058,-0.42061388,-0.14858732,0.6109802,0.28874305,-0.14964488
-0.115499325,-0.57336724,-0.18688218,-0.07407395,0.22000276,0.31748438,0.20815937
-0.1423195,-0.3957754,0.20862944,0.3282479,0.40819144,-0.05641952,-0.12876983
-0.5640429,-0.5431344,-0.46553418,-0.30886346,0.4100664,-0.15666266,-0.27636036
-0.21734317,-0.5009847,0.14004323,0.21862732,0.44553947,0.11112249,-0.16729267
-0.047024425,-0.21642807,0.32125786,-0.02460536,0.44700965,0.16439635,-0.31516925
0.2526324,-0.4030179,-0.18353654,0.069701985,0.6400881,0.5721774,-0.23176348
0.3912318,-0.32152534,-0.41231632,0.06828727,0.42776927,0.6262972,0.07456815
-0.35610408,-0.44546348,-0.31175014,-0.19151792,0.16074304,0.20661278,-0.031885944
0.21402882,0.013514336,-0.09639525,0.07484462,0.22724336,-0.087656885,-0.11282221
0.050676946,-0.5369371,-0.2208882,-0.30398935,0.5578234,0.3769174,-0.01769449
-0.28386977,-0.27625346,-0.0014223611,-0.38619596,0.30911037,0.23272224,-0.23530634
-0.20141128,-0.512249,0.2518677,0.34249872,0.5264354,0.32458806,-0.41923523
-0.10221365,-0.17888078,0.041297108,-0.054408707,0.4557287,0.33790925,0.026676249
0.09523921,-0.2973585,0.37992254,-0.29137656,0.2852397,0.26719862,0.058734227
-0.35475686,-0.32668084,-0.28098744,-0.48261404,0.5541964,0.41358718,0.10293413
0.0036351215,-0.25607437,-0.44204178,0.1006199,0.5296025,0.44500816,-0.393804
-0.07787601,-0.57668424,0.009691364,0.16176772,0.15873471,0.10666881,0.14216089
-0.12432719,-0.07630758,-0.36059728,-0.44579,0.3469715,0.42076972,-0.19875766
-0.3921199,-0.5606078,-0.64356565,-0.34669128,0.7813898,-0.018274771,-0.21180424
0.044577304,-0.12791628,-0.024364507,0.03670922,0.7845209,0.64390486,-0.1321721
-0.2995905,-0.42489567,0.15547796,-0.43775252,0.6261788,0.13975383,-0.25779232
-0.16189876,-0.68549395,-0.3428561,-0.021516884,0.4517212,0.4140337,-0.34210378
0.24072275,-0.5897635,0.10879363,-0.46928698,0.48039305,0.21300319,-0.22140379
-0.2516175,-0.5222722,0.27343264,-0.5822197,0.47173914,0.30401433,-0.05518691
0.1569219,-0.4219796,-0.42350233,-0.05866693,0.07781642,0.40756923,0.099926986
-0.14945544,-0.3175494,-0.40600994,0.028855594,0.42085615,-0.07918388,-0.1873548
0.11167222,-0.46214202,-0.17863859,-0.2325847,0.44705263,0.18224218,-0.022971427
0.08696722,-0.5228614,-0.54874474,0.036302123,-0.03338359,-0.036791574,-0.2571155
0.21723305,-0.49239212,-0.16620032,-0.0578757,0.476351,0.56949764,-0.086720236
0.06123608,-0.58745414,-0.14011957,-0.07728621,0.03377937,0.3244365,0.12963891
0.21197028,-0.2823394,-0.48585305,0.14095494,0.677414,0.658993,-0.41908523
-0.3552631,-0.44530055,0.05100689,0.06700883,0.66623133,0.30336225,-0.27981094
-0.06954426,-0.74840724,0.36207175,-0.40602547,0.80009043,0.41447857,-0.53651196
-0.18502806,0.12484312,-0.3258836,0.39741457,0.22959715,0.3209648,-0.3548661
-0.26536733,-0.25711563,0.20699795,-0.5086426,0.18313639,-0.119169734,-0.15312204
-0.009522015,-0.25568604,-0.09648597,-0.029247945,0.19622207,0.11674855,0.1272798
-0.198295,-0.52409726,-0.16827825,-0.3152045,0.54993457,0.52867234,-0.08236173
