Soil type,Water Holding Capacity,Field Capacity,Permanent Wilting Point,Infiltration Rate,Soil Texture Class,Bulk Density
-0.115286335,-0.14168109,0.08321266,0.012647356,0.15021764,0.014220298,-0.17729372
0.09401864,-0.18855149,-0.12699687,-0.29075366,0.18584234,0.059519526,0.044352226
-0.1264144,-0.17500928,-0.1420508,-0.15202884,0.13162531,-0.012379443,-0.1169129
-0.051348317,-0.24400063,-0.045507006,0.07376701,0.15382226,0.17982867,-0.14602298
-0.014605954,-0.07693758,-0.15613563,0.057598438,-0.022198468,0.0076933876,-0.0046473145
-0.052382313,-0.21487081,-0.0479279,-0.11719178,-0.18441707,0.0034767836,-0.22003292
-0.22784984,0.059950627,-0.020441905,0.14957854,0.14929381,0.04750906,-0.04915283
-0.091203064,-0.041911483,-0.033522174,0.044820942,-0.30788872,0.07599456,-0.14110652
0.23735164,-0.15027294,0.17646551,-0.16892399,-0.09936629,0.16532782,-0.2608523
0.10068831,-0.21082722,-0.21033533,-0.3972756,0.12982404,0.0029992387,0.1466646
-0.11232485,-0.018509112,-0.042605806,-0.0494143,0.20408016,0.2290808,-0.05132219
-0.14650238,-0.14483611,0.090551466,-0.09800229,-0.06286504,0.12800208,-0.08497502
0.10376116,-0.3514803,-0.069224045,-0.100904465,0.09896696,-0.022208184,0.055751905
-0.106965564,-0.22230762,-0.15000603,-0.26547968,-0.12805948,0.1595944,-0.059668444
-0.10650247,-0.19698478,0.10019673,-0.04091239,0.008946184,-0.008287031,0.05564957
-0.09799521,0.055662856,-0.039119106,0.1261498,-0.08751576,0.038859673,-0.103199616
-0.3064231,-0.41082376,0.09308221,-0.08539939,0.15373306,-0.19073915,-0.33675015
0.15881012,-0.3454667,0.25276795,0.10997197,-0.19846775,0.121009395,-0.11422238
0.065242305,-0.11851671,-0.14274427,0.077936545,0.011371452,0.040301993,-0.16489688
-0.030380853,-0.034380578,0.16610119,-0.029739859,0.16989009,0.09491252,0.17879507
-0.22325197,-0.36849913,0.056170136,-0.10352376,0.024114236,0.17126247,-0.07258842
-0.094896585,-0.18592264,-0.11289328,0.17741676,0.12024522,-0.000558123,0.030809857
-0.09774764,0.022310643,0.14340004,-0.063266605,-0.14275208,-0.025062166,0.21915479
0.1515801,-0.34308687,0.31673437,-0.16997927,-0.18501046,0.4723551,-0.05211755
-0.03312771,-0.15695961,-0.039260644,-0.089721695,0.1617088,0.12893844,-0.048445985
-0.06900698,-0.3224299,0.15562344,-0.09088283,-0.2055653,0.27102685,-0.3566197
-0.12532248,-0.052575536,-0.19405669,0.15849422,0.20219316,-0.11735198,-0.075724415
-0.21630701,-0.33621085,-0.021472383,-0.09044796,0.07727352,-0.041545127,0.008216415
-0.084443055,-0.44370282,-0.2206538,-0.078248985,0.19543391,0.062499657,0.080164306
0.09261476,-0.24281165,0.040439866,-0.118351296,-0.0009438172,0.185688,-0.12704118
-0.22237605,0.019119855,0.0002680607,-0.24667609,-0.04838675,0.04831528,0.20388842
-0.05200897,-0.087824814,0.2777457,-0.0044055134,-0.14992963,0.28372592,-0.38766032
-0.046329323,-0.10345074,-0.02418654,-0.27960506,-0.099126525,-0.21990405,-0.100199714
-0.16240239,-0.12310244,-0.09255609,0.0071874,-0.022041216,0.07393519,-0.014064603
0.14120263,-0.1924246,0.030897215,-0.13315502,0.055531193,0.13918737,0.07279813
-0.07936126,-0.32106405,-0.07007755,0.03610515,0.12742665,-0.08541457,-0.25836268
-0.037437145,-0.3891474,-0.0055998005,0.024278928,0.11310846,-0.15691218,-0.18141496
-0.1337652,-0.13159268,-0.08484593,0.07153018,-0.007572327,0.13516283,0.03155706
-0.03983173,-0.080677316,-0.01797222,-0.036879733,0.021494653,-0.1460632,-0.13298438
-0.26971236,-0.085596025,0.103734255,-0.041736748,0.19373298,0.19746146,-0.25894332
-0.09581874,-0.13231367,0.1884762,0.049629264,-0.1811173,0.18639411,-0.0833883
-0.16988286,-0.2975453,0.10243404,-0.30387896,0.074039996,0.32417712,-0.087161526
-0.1709032,-0.13185334,0.090465195,-0.10285453,0.053580023,0.14966212,-0.225483
0.043488752,-0.14462261,0.13187127,0.06333539,-0.13780242,0.3152366,-0.15475738
-0.18938708,0.04859125,0.0019330382,0.053368755,-0.19461218,-0.070203125,0.011922203
0.042758703,-0.24338564,0.10521361,-0.004101038,0.04705432,0.04059136,-0.15062898
-0.16859293,-0.05749173,-0.014616061,-0.055781156,-0.11417023,-0.02652574,-0.08401318
-0.09502214,-0.26860112,0.055669867,0.024624284,0.038003966,-0.094154015,-0.016018458
-0.029516723,0.053446047,-0.0023138886,0.072562754,-0.019061677,-0.12163597,-0.14530715
-0.039692063,-0.11695825,-0.00041618943,-0.0027285926,-0.11669119,0.2556496,-0.3280601
-0.09386652,-0.39936858,0.09566877,0.14643025,0.08530902,-0.1133598,-0.09769088
-0.120970204,-0.5352404,0.07930009,-0.1268765,-0.11331359,0.036035642,-0.24629897
-0.09135191,-0.13131368,0.12486583,0.01765491,0.075656116,0.071815334,-0.13682438
0.044549786,-0.28398666,-0.032730117,-0.065219596,0.13292775,0.08573488,-0.10421639
-0.063789055,-0.29764813,-0.1373401,-0.13527507,-0.11818974,0.21484217,-0.1571846
-0.1835937,-0.32773814,-0.122010745,-0.15201448,0.032677725,-0.010124978,0.033906844
-0.1302283,-0.3104686,-0.08563721,-0.37769195,0.00053902715,-0.030983493,-0.053882204
-0.16559106,-0.31719175,0.12507811,-0.015352942,-0.008753676,0.1502137,0.13611692
-0.06433373,-0.45510817,-0.065458834,0.04858073,-0.09788525,0.04528414,-0.109541446
-0.124591045,-0.19235061,-0.027927242,0.1893976,0.036702983,0.040754534,0.08949357
-0.1169016,-0.1261797,0.07815077,0.039372355,0.06865542,0.06035341,-0.09033319
-0.054621562,-0.35688603,-0.024718553,-0.0045695454,0.1558888,-0.12481463,0.023642585
-0.06647749,-0.30863005,-0.002807714,-0.10606706,0.07613385,-0.022688195,0.033084065
0.11182648,-0.2577419,0.065890394,-0.122729205,0.04424275,0.059025027,-0.13277659
-0.061775,-0.15633108,0.10026915,-0.09311502,-0.07392303,0.11955759,-0.17132671
-0.056486063,-0.059254,-0.1289066,-0.08061936,0.2828467,-0.10454291,-0.18647194
-0.14810759,-0.21507289,0.12103694,-0.045922987,0.22730386,0.13564135,-0.021766365
-0.22387663,-0.16841702,-0.091429904,-0.30029297,0.0061567873,0.16209778,0.02250275
-0.02690655,-0.43129855,-0.05031897,-0.05695197,-0.16023174,0.09638488,-0.1990026
-0.02224617,0.08294685,-0.19356352,-0.19613147,0.031353816,0.07507042,0.084182516
0.06758416,-0.23330995,0.038549855,-0.036122948,-0.19909102,0.25119722,0.07217698
-0.0973542,-0.1231288,0.036928803,-0.25777522,-0.095621645,0.26110566,-0.2671122
-0.060435474,-0.12740292,-0.100500554,0.08542324,-0.060192544,-0.018054973,-0.083116665
0.091632694,-0.3213957,-0.0754554,-0.23818769,-0.17980821,0.1475793,-0.21898147
0.014227254,-0.17770654,-0.012401409,-0.0061443523,0.18655244,0.020935118,0.008646894
-0.12183602,-0.27370757,-0.078949,-0.038507108,0.17246434,-0.07863957,-0.08517156
-0.061933495,-0.3560493,0.043796193,-0.07120141,0.11413666,0.2380428,-0.027695099
0.016845345,-0.24984457,0.013404936,-0.13967225,0.20151834,0.130626,-0.041566536
-0.07279861,-0.21288157,-0.050476734,0.076432146,-0.1776774,0.085017405,-0.2057002
-0.008148134,-0.14075235,0.13722312,-0.14888215,-0.0333642,0.15600485,0.13009867
-0.017784566,-0.12913321,-0.09338593,-0.3265562,0.10615565,0.005094886,-0.01660809
-0.16583338,-0.36402586,0.058445387,-0.020001575,0.21633962,-0.062081426,-0.19199018
-0.1488159,-0.4153024,-0.041329063,-0.08384201,-0.031164862,0.031600796,0.049255263
-0.28506485,-0.31505334,-0.0325882,-0.047547705,0.2677395,0.29113916,0.062429488
0.053378202,-0.25439405,0.12651157,-0.0619839,-0.19540519,0.13383487,-0.09037627
-0.056166492,-0.21761817,-0.004249431,-0.01274137,-0.0024852678,0.09482968,0.05671688
-0.038729805,-0.10973926,-0.11228612,-0.046401557,0.08884956,-0.113914184,-0.19151679
-0.17727907,-0.16444422,-0.008708514,-0.0906657,0.24454592,0.110108584,-0.13066664
-0.18870692,-0.082631744,0.015794545,-0.15387648,0.31727752,0.0878916,-0.11163965
-0.061332185,-0.3483682,0.053081997,0.091252685,0.12912686,0.08723994,-0.069966264
-0.17902912,-0.19050959,0.11055856,-0.05857586,0.13939366,-0.13999331,-0.16991192
-0.021769036,-0.23039022,0.035288602,-0.1324275,0.10456961,0.08373673,0.11638231
-0.115685456,-0.24922559,0.039494827,0.05120493,-0.053165637,0.09127168,-0.16870286
0.07641711,-0.2799754,0.12086967,-0.10036048,-0.053077698,0.18390584,-0.35974866
-0.04216309,-0.26220876,0.043437086,-0.043131027,-0.009661727,0.022749878,-0.112699986
0.018125957,-0.0859646,-0.053226255,-0.20041215,-0.23639183,0.16342817,-0.14200348
-0.033305213,0.027900971,-0.097437724,0.0033111256,-0.17222664,-0.024438268,-0.11584423
-0.26923546,-0.6687417,0.117509365,0.07012585,-0.3173697,0.4259872,0.053572893
-0.05298058,-0.33987892,-0.10914618,-0.023632914,-0.018399429,-0.16791594,-0.2665453
-0.053876936,-0.15369102,-0.07531374,-0.05368232,-0.13084182,0.2721063,-0.03743778
0.06004805,-0.5072828,0.005044475,0.0026034452,0.02624251,0.117541045,-0.24126345
-0.19606002,-0.22506538,-0.1749318,-0.12450886,0.18144718,0.0062528104,-0.007990718
-0.07116937,-0.12943617,0.01031591,0.15116042,-0.17238088,0.079110116,0.03394474
-0.08264578,-0.09605662,0.15841745,-0.06524725,0.033211462,0.24137,-0.1412849
-0.1436491,-0.067838386,0.03179978,0.0279814,0.13925175,-0.13630863,-0.11434026
-0.0071310718,-0.29435503,0.01930499,-0.103834525,-0.05892002,0.102044106,-0.12358305
-0.09314191,-0.16935474,-0.026272032,-0.11457391,-0.2259424,-0.00081957877,-0.21604483
0.017119713,-0.49773544,0.027756698,-0.17179999,-0.023448836,0.12734465,-0.05023974
0.0028560646,0.13970494,0.19759092,0.012312189,0.055959623,-0.012686476,-0.12247623
-0.37767577,-0.16389415,-0.049343973,0.06487624,0.026450194,0.0010017976,-0.15424861
-0.057248417,0.09359671,-0.06480504,0.046791103,0.08201355,-0.083444014,-0.04940728
-0.20238182,-0.4015842,-0.117206216,-0.38816985,-0.0021320656,0.12347094,-0.0716019
-0.16340949,-0.07213247,-0.18694773,-0.09649028,0.0994621,0.14214022,-0.055842675
-0.047679342,-0.20099565,-0.01728312,-0.15498091,0.10331418,-0.013957456,-0.01740072
-0.047566097,-0.07322857,0.1053648,-0.15356195,0.051292304,0.3135588,-0.11758235
-0.04737634,0.088525444,0.07353103,-0.110350765,0.11567964,-0.016354933,0.013311744
-0.07866464,-0.25708795,-0.07397561,0.18009458,-0.035087943,0.019327298,0.11202425
-0.09457988,-0.19069111,-0.089858994,-0.18540896,-0.07664902,0.05007479,-0.032496907
0.033821244,-0.35173255,0.1982045,0.059399284,0.003907807,0.13773318,-0.14865467
-0.21849293,-0.18055926,0.12885246,0.021277431,-0.10099385,0.14332193,-0.059547298
-0.1825147,-0.5923642,-0.0077712834,0.07844935,0.04609818,-0.034585655,0.12374059
0.1100967,-0.2818151,0.18614274,-0.07605348,0.064954884,0.12354554,-0.17382126
-0.08775033,-0.531312,-0.14217138,-0.12611145,0.17260799,-0.004218977,0.037155554
-0.024827573,-0.52481395,-0.031141378,0.058659654,-0.086408265,-0.018101968,-0.025960147
0.0013876855,-0.032255687,0.11905124,0.08423528,0.078282885,0.051219147,-0.08238372
0.020434111,-0.17987387,0.2657962,0.017326212,-0.0096593425,-0.05549317,-0.3041345
-0.1704095,-0.2694791,-0.021975856,0.008419618,0.06767085,0.029596478,-0.10756618
-0.32735732,-0.05054487,0.002816707,-0.0713563,0.12061663,-0.049437307,0.082187355
-0.046799175,-0.45740682,0.055115238,-0.08638681,0.060344785,0.028055292,-0.02242975
0.051407017,-0.47448808,0.050058935,-0.23264675,-0.18075933,0.036581088,-0.30425882
-0.15086105,-0.3100112,-0.028548568,-0.03167659,-0.022346906,0.05630146,-0.061564744
-0.041534398,-0.28240842,-0.15227848,-0.07358127,-0.00032078847,0.07050905,-0.26545465
0.118297786,-0.30998248,0.025620736,0.06516358,-0.25557613,-0.0023362339,-0.30680245
-0.053331394,0.00442414,-0.08180999,-0.112595454,-0.007996917,-0.034394532,-0.002893269
0.0014962703,-0.21308793,0.06387383,0.016340863,0.103844985,-0.22104669,-0.10343394
-0.22021863,-0.32609582,0.0043321326,-0.18999748,0.11358595,-0.007184431,0.091993295
-0.005324334,-0.25726128,0.1420286,0.1729481,-0.12023112,0.0693177,-0.11855982
-0.13562165,0.0663483,0.011647321,-0.036704563,-0.18515769,-0.02006932,-0.20663583
-0.2960822,-0.17810093,-0.13272518,0.016147725,-0.01946553,-0.04036495,0.079713926
-0.29488036,0.037809454,0.0041977763,-0.11384527,-0.2735458,0.017852187,-0.08640175
-0.25942075,-0.12503016,-0.11488732,0.0034591835,0.15332972,0.04204189,0.00486691
0.02743899,-0.545331,-0.12262656,-0.116139755,-0.18369725,0.26706558,-0.34766123
-0.08882545,-0.23275538,-0.06636472,-0.14994779,0.031824745,0.016635202,0.011802506
-0.15259725,0.05455836,-0.094267145,-0.047324553,0.13005534,-0.06956748,-0.017843448
-0.12508331,-0.34384364,0.04278861,-0.049801115,-0.078403726,-0.09594731,-0.13608971
-0.012704594,-0.15789801,0.027769439,-0.10021197,0.15519895,0.045830294,-0.0097188875
-0.24776645,-0.15778092,-0.0767305,-0.23066442,-0.071183905,0.13286456,0.017996185
-0.20782892,-0.14568505,-0.30178905,0.034586422,0.0633493,0.018738123,0.07552463
0.025155485,0.017756006,-0.10442294,-0.027710238,-0.2570669,0.20894526,0.05763023
-0.23811051,-0.083965786,-0.065945975,0.22958064,0.03716595,-0.12932599,-0.123692885
0.01938343,-0.26965564,-0.02620461,-0.03146367,-0.110137045,-0.021735422,-0.28009552
0.012185679,0.038590543,0.0832714,-0.12107666,0.08307542,0.13243629,0.08248076
0.036500573,0.0672948,0.16581431,-0.15781432,-0.22454403,-0.018084481,-0.005625779
0.03287805,-0.27424404,0.032583445,-0.08671539,0.24288176,0.25369188,-0.037471622
-0.22458346,-0.086319804,0.12789272,-0.010344572,0.096125804,-0.16967538,0.0061784238
-0.08008473,-0.048704185,0.16998018,0.071807355,-0.023897111,0.12651815,0.0021581613
-0.06253592,-0.378699,0.031881943,-0.21615686,-0.0035258308,0.021083865,-0.05168641
-0.17122886,0.049203172,-0.029632024,-0.05276329,-0.01775457,-0.13921574,0.07357663
-0.08933017,-0.30310568,-0.049064003,0.010781176,-0.14098907,0.07480436,0.04721301
0.2683153,-0.19325487,0.1084714,-0.106230475,-0.12664533,0.09235999,-0.20597047
0.15778184,-0.24467838,-0.047321245,-0.28196526,-0.07688898,0.21539079,0.023125265
0.010639109,-0.1309511,-0.05117152,0.018461723,-0.18677601,-0.09209599,-0.08376075
-0.033783928,-0.34707084,-0.046383478,-0.14920196,-0.21489632,0.054628026,-0.13983262
-0.0930539,-0.2164918,0.014747731,-0.1662974,0.05970913,-0.1019306,-0.31735966
-0.22103533,-0.25782424,0.038972892,-0.00224147,0.024416331,0.030072752,-0.01991922
-0.285091,-0.20255798,-0.033884358,-0.042354867,0.13125645,0.16277431,-0.039051205
0.11413917,-0.36920214,-0.061935868,-0.21277551,0.053248435,0.10583775,-0.21568277
-0.13558964,-0.129864,0.13845687,-0.06664552,-0.019137809,0.09366873,0.06416355
-0.2030511,-0.2899018,-0.37623942,-0.039815724,0.36199877,0.12187548,-0.03775485
-0.124915615,-0.18542139,-0.017953657,-0.17955521,-0.04390138,0.20847635,-0.037963
-0.21945898,-0.18349926,-0.24478967,-0.06640289,0.12350398,0.13529432,-0.036164135
0.1376361,-0.3278557,-0.11155969,-0.26286882,0.016120905,-0.11189036,-0.21865271
-0.085522205,-0.13107222,0.045213766,0.03806171,-0.12081018,0.10749758,-0.33400536
0.027382646,-0.4231158,0.25575376,-0.12646051,0.10033711,0.13023956,0.22073889
-0.609946,-0.0077310354,-0.09856292,-0.14865209,0.2165848,-0.33510768,-0.06623123
-0.07957757,-0.28800958,-0.09510688,-0.20791134,-0.11330339,-0.033827193,-0.010378107
-0.13347073,0.025032744,0.09550111,0.13071895,-0.16558209,0.20648712,-0.119126745
-0.06383772,-0.16690749,-0.022565648,0.24843782,0.033632696,-0.13004144,-0.12489566
-0.012812646,-0.17022978,0.05681465,-0.18178883,-0.10982408,0.05669679,-0.09518761
-0.26772538,-0.41142243,0.14715445,0.0435872,-0.05487641,0.07886795,-0.08954492
-0.07872558,-0.25039744,-0.100994736,-0.25130787,-0.05992739,0.16473345,-0.07101418
-0.0047398694,-0.3645311,-0.008276708,-0.10015196,-0.0323378,0.11701141,0.04112445
0.015776396,0.04186607,-0.021023894,-0.14386185,-0.05940305,0.20823695,-0.0015001893
0.15467104,-0.371982,0.13645366,-0.049491975,-0.24753709,-0.010872228,-0.23631847
-0.133565,-0.14342421,-0.17219546,0.031685352,0.0009994917,-0.041218624,-0.1896616
-0.07142651,-0.13054048,-0.009647436,0.051927835,-0.11223143,0.0036784708,-0.052109893
0.0048382245,-0.14388433,-0.06320659,-0.092712626,-0.026613072,0.14560394,-0.056533817
-0.25108433,-0.21336208,-0.12167516,0.103890195,-0.13556784,-0.04605674,0.05107723
-0.29849255,-0.22835717,0.16063462,-0.09975548,-0.11431603,-0.03839994,-0.19193687
-0.16498123,-0.1490173,-0.1168833,-0.19537142,0.084285475,-0.021942407,0.058584556
-0.12547448,-0.063883826,-0.16009,-0.2187365,0.07738273,0.08611714,-0.14652868
-0.05647893,-0.11480473,0.10495372,-0.087361425,0.09645073,-0.12570925,-0.023511438
-0.08132697,-0.25959405,0.010076918,0.022727303,0.18108454,-0.007438585,-0.13727601
-0.11541952,-0.05508215,-0.19645968,0.11108579,-0.18436567,0.040943667,-0.056721922
-0.060163703,-0.42499697,-0.0558673,0.06155654,-0.026090004,0.11376457,0.02921319
-0.2921661,-0.15225631,-0.14996752,-0.02748336,0.09940406,0.2021853,-0.12338178
-0.06168925,-0.18913653,0.15325195,-0.104832396,0.04709883,0.15662172,0.06392759
-0.099489346,-0.114616096,-0.004458118,-0.13292676,-0.029420665,0.0700151,-0.057112902
-0.13977534,-0.3592934,-0.0021015257,-0.4342082,-0.031515606,0.17673874,-0.037312564
-0.0785802,-0.3096955,0.2906434,-0.07128938,-0.11353349,-0.016329922,-0.007091239
-0.14171715,-0.13072053,-0.026052447,0.111920625,0.013778884,0.0019257739,-0.15606056
-0.1488659,-0.48452634,0.09544913,0.021707349,0.061629534,0.11534012,-0.09298607
-0.00031381845,-0.26596487,-0.10697351,-0.13342395,0.0036604647,-0.060279876,-0.06380248
-0.16727301,-0.16130671,0.033200994,-0.037628133,0.27514264,0.2378227,0.31134543
0.044731125,-0.2819873,0.21663305,-0.060840867,-0.051096477,0.20045856,-0.13017967
-0.106198914,-0.2042206,-0.001164332,-0.03407202,-0.2151767,0.092380255,-0.11042483
-0.10934739,-0.0663093,-0.0052218847,-0.0104191005,-0.015265621,-0.014093891,-0.16634679
-0.25933254,-0.10208039,0.005746376,0.10035086,-0.019986697,-0.06272851,-0.10505432
-0.3282493,-0.30015948,-0.010897055,0.12210881,-0.021498144,0.04439532,-0.40882277
-0.2855977,-0.5026922,0.028274715,-0.031127073,-0.0912919,0.1400794,-0.04695016
-0.13540335,-0.047207218,-0.04954201,-0.2355037,-0.10763193,-0.05655126,-0.12813291
0.098515466,-0.4019913,0.13185132,-0.15432408,-0.029905133,0.17082956,-0.14123392
0.014095881,-0.031386625,0.18657653,-0.040201027,0.017458074,0.17401952,-0.19133717
-0.10656591,0.0014195889,-0.026911683,-0.08150715,0.063945405,0.31541872,-0.040996414
-0.12839556,0.0008765198,-0.15638393,-0.36062998,-0.15919589,-0.34567875,0.15265092
0.11076081,0.02256263,0.084229305,-0.028623886,-0.029793568,0.023236655,-0.1537784
0.039052863,-0.17194735,0.054084033,-0.09587558,-0.1956998,-0.07220789,-0.01955317
-0.44676208,-0.31887162,0.18377078,0.17222077,-0.13077427,0.08380452,0.0029477328
-0.1840878,-0.53689575,0.06918024,0.15689516,-0.038152114,0.15713386,-0.41870022
0.17162487,-0.36797675,-0.0008138716,-0.26647714,0.22093694,0.07127176,-0.010095857
-0.10578503,-0.22975585,-0.016901284,-0.2039733,0.06112812,0.15351021,0.023723327
0.0049491283,-0.17097774,-0.15438074,-0.13140419,-0.14394131,0.10112962,0.04210832
0.006688161,-0.037613757,0.08128084,-0.1327738,-0.1265353,0.03792361,0.03930827
0.047682896,-0.55002403,0.2496848,0.056027107,-0.10555113,0.07427722,-0.5685868
-0.015939921,-0.25765127,-0.3705663,-0.23233104,-0.15842015,0.008312136,-0.32514378
0.024973877,-0.21551432,-0.015090391,-0.13007681,0.032609656,0.14898479,0.03776784
-0.22831458,-0.10092955,-0.017527144,0.0673659,-0.17115101,0.087371215,-0.18284297
-0.2243667,-0.42476156,0.015424885,-0.06626173,-0.15168203,-0.0013240986,0.064270176
0.019658849,-0.34336162,0.028792784,-0.036239855,0.022672202,0.19582069,-0.10643217
-0.1359002,-0.2563685,0.04240541,-0.076444685,-0.060796984,0.17006722,-0.018678345
0.03248474,-0.31737396,0.28899103,-0.28652522,-0.08745435,0.20885208,-0.1228248
-0.008302376,-0.38143474,-0.0022727437,0.16650349,0.049294174,0.073181674,-0.19840664
-0.16718443,-0.10848804,-0.17888981,-0.08065009,-0.092704736,0.1526165,-0.10739001
-0.09947718,-0.23310368,0.059351653,-0.30932182,0.2063053,-0.041468486,-0.052007053
-0.032957908,-0.016938798,0.17033696,0.026414726,-0.06865807,0.11319011,0.07691657
-0.2288909,-0.24924755,-0.016768169,-0.06730597,-0.027584232,0.060113706,-0.023227416
-0.010722179,-0.20050722,0.05448164,0.07809728,0.041212548,0.23071948,-0.15614921
0.08030135,-0.20583123,0.14645177,-0.052679576,-0.14687121,0.047344074,-0.18739659
-0.021644823,-0.3870035,-0.012186611,-0.1882603,-0.12544379,0.11697714,-0.0005113706
-0.1010353,-0.08136445,0.081546575,0.1897695,-0.10940166,-0.083864674,0.07279145
-0.028677974,-0.13350524,0.03825189,0.06652948,0.027169868,0.020269811,-0.13250913
-0.073276974,-0.20360163,-0.06451421,-0.07174806,-0.035262372,0.1107353,0.09966031
-0.15226638,-0.04296352,0.10633446,0.07509684,-0.16603217,-0.14139245,-0.2008711
-0.12197514,-0.10332135,0.09401471,0.107545555,0.042196564,0.028001364,-0.16525458
0.027896937,-0.37247914,0.021589056,-0.064777076,0.07785558,0.07935338,-0.14830181
-0.018318843,-0.18166886,0.13712153,-0.041594893,-0.09290445,0.10963527,-0.1245562
-0.13864578,0.0071794204,0.0112200305,-0.007458817,-0.19505882,0.196737,-0.12549633
-0.030815551,-0.27109638,0.15410411,-0.044190805,-0.051346388,0.09463617,-0.22423565
-0.05256081,-0.09646737,0.08038948,-0.121184714,0.13973638,0.0662839,0.023914061
-0.15593128,-0.085308544,-0.21894562,-0.051726423,-0.15671304,0.05422588,-0.18555465
0.069645956,-0.33954614,0.13491985,-0.29412124,-0.075814396,0.4296629,-0.062651336
-0.15452933,-0.21280187,-0.09227599,0.056862727,0.19131467,0.14748341,-0.07908398
0.039616797,-0.1663527,-0.09136364,-0.15101543,-0.10459536,0.22899365,-0.033187836
-0.04273528,-0.14226893,-0.0016390979,0.021876842,0.008974202,0.12494253,-0.07190006
-0.14942281,0.026178576,0.027427852,-0.0017516203,0.21748656,0.018938616,-0.2501828
-0.14704588,-0.2972535,0.0154840425,-0.19549344,0.31411684,0.17896831,-0.023422576
-0.0051607303,-0.11199481,0.12082897,-0.05527973,-0.16731435,0.10432635,-0.12661384
-0.16139644,0.1385676,-0.08770269,-0.077466,-0.08003913,0.051805988,-0.119392015
-0.20574117,0.028744154,-0.15999386,-0.08011831,0.1146308,0.014036715,0.079774484
0.008758435,-0.2880345,-0.012663994,-0.03386,0.059716932,0.041146934,0.027768675
-0.010443447,-0.091514215,-0.21388522,-0.042972676,0.048951894,0.17428844,-0.04958549
-0.17306685,-0.33323443,-0.059654336,-0.13626811,0.057930008,0.08236015,-0.11891402
0.0046051703,-0.37631553,-0.30240098,-0.18753785,-0.034336653,0.29666603,-0.12890576
-0.029444914,-0.30028108,-0.08750412,-0.10045291,-0.09613675,-0.13289501,0.030843794
-0.04331915,-0.13289696,0.090600416,-0.15419492,0.029575314,0.09199795,-0.034837037
-0.15427905,0.057224035,-0.15136257,-0.06521642,0.03202222,-0.053909168,-0.13554403
-0.20937774,-0.19316751,-0.110442445,0.03490058,0.24981837,0.046311107,-0.10761233
-0.039790504,-0.36567914,-0.104771584,-0.22200593,0.17167342,0.21223858,-0.1429726
0.083331294,-0.3599471,-0.16734877,-0.08233077,-0.0059911534,0.034137793,-0.22940259
-0.21817341,-0.18847305,-0.0802833,-0.26304436,-0.041348357,0.28174868,0.117535114
-0.16292523,-0.15281844,-0.095525734,-0.024783887,-0.05167963,-0.012009691,-0.06145656
-0.10188976,-0.34280735,-0.2484445,-0.21323445,0.082090974,0.09624416,-0.045407444
0.22776562,-0.3027827,0.27784395,-0.11174931,-0.027119368,-0.019383967,-0.30858922
-0.23824513,-0.42996073,0.09974386,-0.031018272,-0.02340144,0.06497598,-0.16360062
-0.09596041,-0.0068033896,0.12975806,-0.061418474,0.03200786,-0.022426158,-0.04838249
-0.21252036,-0.048070595,-0.044926375,0.0828124,0.20788108,0.11433856,-0.106021345
-0.2392821,-0.2603481,0.1535743,0.045971252,0.03292106,0.18377408,-0.028355844
0.2229715,-0.067242324,0.13030134,0.07754949,-0.14244762,0.12627229,-0.064790875
-0.09764061,-0.25042212,-0.086789146,0.040559925,0.09939441,-0.016656637,0.062223826
-0.21859321,0.007206492,-0.013951816,-0.07248388,0.24209128,-0.22564161,0.029859524
-0.032264166,-0.14858535,-0.038036887,-0.12373996,-0.20285098,0.07447079,-0.18925826
-0.021550527,-0.17934649,0.026363201,-0.3803887,0.033730667,0.022159241,-0.098058574
-0.16917723,-0.27574873,-0.046477973,0.08748314,0.09177015,-0.19879337,-0.2628528
-0.18776777,-0.10959263,-0.03118813,0.06411153,-0.07714912,-0.08647321,0.109142184
-0.05245685,-0.23425025,-0.075448915,0.22098877,-0.12935925,0.07237877,0.12206161
-0.22772425,-0.20058648,-0.06960683,0.04528038,-0.013174662,-0.11929436,-0.0039239973
-0.1392022,-0.30194438,-0.10679352,0.01936476,0.106314875,0.061664104,-0.2659328
-0.18745586,-0.057577446,0.15947275,0.13563064,0.13530296,-0.0034357999,-0.053145945
-0.190373,0.05833489,0.14806557,-0.048273314,-0.1359308,-0.051657252,-0.18333595
-0.10054856,-0.0039331727,0.044552118,-0.01690114,-0.072941415,0.074792944,-0.037003815
-0.13279547,-0.19554865,-0.14917809,-0.06322266,-0.013873355,0.010313664,0.030237243
0.008103654,-0.3487091,0.005909689,-0.061798964,0.14204511,-0.2353011,-0.23285338
-0.029058047,-0.25965202,-0.030422434,-0.017596085,0.15022923,0.052656375,0.031086698
-0.10724644,0.0057246704,0.10305328,0.05447432,-0.040824994,0.18022245,-0.09838114
-0.24180153,-0.25410646,-0.13892448,-0.26370224,0.26830134,0.13322347,0.11625615
-0.27167088,-0.39068422,0.08669991,0.11484702,-0.036780242,0.23359643,-0.042702056
0.13885695,-0.12317555,-0.15995264,-0.23178458,0.026510995,-0.020363778,-0.12076408
-0.076562114,-0.23952049,-0.059649345,0.12753528,-0.035908084,-0.04872936,0.046062283
-0.17761274,-0.26818687,-0.029900111,-0.00037596934,-0.07843219,-0.03602439,-0.08827159
-0.122062474,-0.2727799,0.15563564,0.108131185,-0.031000689,0.0056908056,0.1718494
0.037091184,-0.26255757,-0.107603684,-0.1669488,-0.19709973,0.17343415,-0.086703196
0.03550582,0.010905795,-0.110510364,0.048577815,-0.13196845,-0.13838403,-0.15745124
-0.04527101,-0.19332989,0.05344159,0.10914229,-0.0015322194,-0.11517793,-0.17935318
-0.06934037,-0.2736743,0.066257924,-0.12658292,0.088310495,0.11021292,-0.29231146
-0.07061376,-0.057743393,0.029890917,0.24936783,0.06735295,-0.035858735,-0.18631525
0.029196754,0.020627752,0.0024710745,0.042935766,-0.005012163,-0.088102095,-0.1900689
0.05355034,-0.04647027,0.04987535,0.009706153,-0.090634346,0.17242752,0.100755066
-0.036787126,-0.17280515,-0.26053685,-0.1821233,0.16409796,0.2095512,0.051615685
-0.2778293,-0.20243841,-0.015686572,0.121030524,0.043103028,0.060165823,-0.013641207
-0.04956948,-0.3874291,0.022368602,0.099843614,-0.22658104,0.21171138,-0.15709579
0.1965448,-0.34977287,0.12587067,-0.12609503,-0.21942979,0.11821346,-0.4476918
-0.1976625,-0.23582596,0.18684635,-0.30627495,-0.009620022,-0.065599576,-0.12759763
0.12608942,-0.25127524,0.008739993,0.024694778,0.09706031,0.0067588333,-0.22362502
0.16038966,-0.14652053,0.09894088,0.11886212,0.106546,-0.0029934794,-0.18456861
-0.16006976,-0.063763246,-0.027889833,-0.12820345,-0.063905895,0.26926106,0.019516006
-0.08356821,-0.22529244,0.07323929,0.03155421,-0.0012591612,-0.0292386,-0.173061
-0.31751946,-0.30026275,-0.21479593,-0.24941283,0.33075023,-0.14671046,-0.13138148
0.015518367,-0.115208656,0.017122965,0.057486486,0.06528042,-0.025528708,0.055502914
-0.1819408,-0.30255702,-0.2276822,-0.054196924,-0.027484812,0.22405063,0.013782501
-0.14514118,-0.22826044,0.047529988,-0.06300752,0.10845506,0.04531482,-0.14702709
-0.023425514,-0.14270866,0.021033421,-0.24491295,0.12965435,0.17660095,0.07188169
0.027286146,-0.21459892,0.02898766,-0.10805452,-0.17129153,0.22865011,-0.044730783
-0.25231487,-0.24504873,-0.19975007,-0.13541088,0.2550221,0.15841427,0.083739266
-0.16445912,-0.288392,0.09778937,0.063115425,-0.016958943,0.19194451,0.081714496
-0.1998171,-0.22513735,0.07681608,-0.18593296,-0.0426777,0.025912859,-0.1409138
-0.09278692,-0.1402104,-0.021734089,0.08910214,-0.09902786,-0.015887294,-0.0151254535
-0.14342666,-0.053678196,0.04730334,0.2145913,-0.025473766,0.16130497,-0.12649338
-0.26772088,-0.24074642,-0.026447177,-0.12343811,-0.2814519,0.195546,0.24326903
0.06301573,-0.02549696,0.20903628,-0.011707148,0.012369651,-0.1617756,-0.33089027
-0.14872645,-0.23992833,-0.016665474,-0.107502006,-0.052584205,0.08432039,0.056115206
-0.073473625,-0.21824372,0.23402789,0.019366056,-0.16612141,0.15510167,-0.2913271
-0.28755254,-0.06150858,0.32200912,-0.27133027,0.078775965,0.20374492,-0.39968497
-0.09638196,-0.15945727,0.03380002,-0.19539534,-0.16564581,0.010775635,-0.25673726
0.16194823,0.04343772,-0.15536398,-0.22448182,0.012444522,0.07461032,-0.3841654
0.13640516,-0.1732069,-0.04486523,0.010342743,0.15535846,-0.010894954,0.0148086455
0.10185566,-0.15087286,0.28293324,0.007968467,-0.222709,0.11284217,-0.14443702
-0.024916422,-0.1520894,0.09720397,-0.053181987,-0.08754015,-0.014246507,-0.007945806
-0.1603786,-0.47352087,-0.006138999,0.22369078,-0.03269265,-0.060583755,-0.23670468
0.15048258,-0.2902482,0.008608818,-0.12506907,-0.11381491,0.19159196,-0.03846389
0.017831128,-0.12079421,0.010824427,-0.06117437,0.028564401,0.032719202,-0.023722976
-0.08259999,-0.11053161,0.032012172,-0.097289175,-0.011222303,-0.22529282,-0.1314073
-0.06263441,-0.3653023,-0.052667417,-0.09219219,-0.061872527,-0.023586618,-0.029261358
-0.18235368,-0.24217394,-0.03998684,-0.27963603,-0.18058422,0.1913766,0.0019537657
0.043016404,-0.19395116,0.04606597,-0.11068939,-0.22105452,-0.022187464,-0.09340865
-0.16834691,-0.13959517,0.044575196,-0.38630813,-0.03493752,0.073095545,-0.04771039
-0.07622477,-0.017610453,-0.04666587,-0.064752325,0.22727248,-0.025848918,-0.13573268
-0.19022791,-0.13560332,0.02506806,-0.079183966,0.015713446,-0.018056866,0.17375353
-0.15290178,-0.2946194,-0.029216923,-0.14679193,0.21732223,-0.055520542,-0.034655064
-0.16954388,-0.1530908,0.039205406,-0.05466578,-0.031000681,0.016215295,-0.17181674
0.05992928,-0.4610691,0.2534384,-0.19356635,-0.16366781,0.24681485,-0.2624491
-0.22511183,-0.37259865,0.111784264,0.0074916594,-0.16446902,0.10398948,0.1174166
0.054572955,-0.29273793,0.05106423,0.020172896,0.13521463,-0.078329265,-0.15661174
-0.273468,-0.20636737,-0.121861495,-0.14271504,-0.056454852,-0.02443302,-0.09001302
0.06775369,-0.16950354,0.06486449,-0.17274806,0.10282544,0.09657743,-0.12972948
-0.0027731434,-0.34791082,0.060539275,0.08655412,-0.12780748,-0.014522523,-0.1152568
-0.02317401,-0.026575072,0.118926585,-0.28727457,-0.16937396,0.09967551,-0.10568106
-0.1879269,-0.09657603,0.03897541,0.24357314,-0.04380791,-0.03715363,-0.24132991
-0.013161795,-0.07420495,0.08443954,-0.15351157,0.33046263,-0.063524745,0.14085093
0.06862363,-0.2898456,0.15456049,0.161753,0.15103233,0.1493201,-0.030944303
-0.078308046,-0.21856451,-0.037089005,-0.104115844,-0.035678014,0.2128455,0.069510445
0.20630535,-0.26224637,0.0078903735,-0.13739708,0.10287398,-0.11522644,-0.23166671
-0.23022282,0.15059511,0.04165183,-0.15326491,0.028154984,0.04384886,-0.10380274
-0.118328065,-0.48107532,0.069377825,-0.17222644,0.109254256,-0.09788412,-0.18839712
-0.15663958,-0.33830935,-0.04231333,0.19773355,0.08450549,0.14210361,-0.17933808
-0.18536007,-0.34606412,0.00974223,0.08154107,0.16889276,0.011836663,-0.08027613
-0.01610696,-0.29354,0.0344003,-0.26403466,0.120747894,0.10194036,-0.018776327
-0.23418713,-0.37092918,0.045045905,-0.100340754,0.2966124,-0.04442279,-0.0075764805
-0.087557405,-0.2592466,0.112191424,0.024875462,-0.16473736,0.12480215,-0.35431415
0.018661123,-0.31595868,0.08352935,-0.15520841,0.024461664,-0.039792232,-0.13198125
-0.026630862,0.2683741,0.2504323,-0.075379476,-0.21343388,-0.09468296,-0.28798568
0.057904676,-0.49875313,0.2693328,0.10283247,-0.060382873,0.07424773,-0.31544518
-0.020015873,-0.16629794,-0.05142058,-0.097647905,-0.058918532,-0.086195275,0.007198509
-0.050930098,-0.2955482,-0.0832912,-0.15705815,0.15529646,0.45998645,0.023384422
-0.0009355154,0.008692391,0.13757704,-0.22320144,0.15139696,0.13791819,-0.08215613
-0.13475133,-0.28622717,0.17326126,0.046584852,-0.1865755,0.25042367,-0.24077135
-0.11091588,-0.18274978,0.13846931,0.08532357,-0.109978154,0.19406636,-0.06818634
0.11268915,0.058308765,0.008816034,-0.13306583,-0.009388238,0.12179381,0.0617123
-0.02510282,-0.161511,-0.035862178,-0.25026703,0.23641808,0.14952388,-0.04936813
-0.16833395,-0.32206935,-0.015334845,-0.15918496,-0.2209394,0.10057913,-0.24905936
-0.14200625,-0.32033733,0.11194351,0.24833511,0.21140498,-0.14274688,-0.35338277
0.013696093,-0.11913839,-0.009536121,0.004747361,-0.0023505688,0.028062642,-0.063323036
-0.06747021,-0.29465437,0.18254237,-0.12988967,0.12587509,0.08924092,-0.1753245
-0.11658302,-0.1338094,-0.033031,-0.06443156,0.08088011,0.16101125,-0.13027151
0.04228823,-0.39459333,0.0076111704,-0.15555497,-0.042091288,-0.027145855,-0.23972046
-0.041887924,-0.37371135,0.2588914,0.03877496,-0.21959767,-0.026484149,-0.19991255
-0.1739203,-0.27820086,0.21150109,-0.13595855,-0.031799696,0.06675643,-0.08152501
-0.28603148,-0.4442658,0.16927885,-0.047867715,0.14283942,0.04633011,-0.11969229
-0.20766824,-0.12349025,-0.15581743,0.05357636,0.07340449,-0.1899077,-0.08201989
-0.0077202907,-0.06406902,0.15562093,0.11095854,0.104799986,0.14490668,-0.11184122
-0.12288916,-0.23374754,0.114841186,0.086035304,0.19843265,-0.03559111,-0.056877814
-0.068318605,-0.46182203,-0.05981706,-0.08676711,-0.14599621,-0.00013248622,-0.2667242
0.021038838,-0.3669034,0.1683624,0.000988476,-0.19791141,0.06550518,-0.064233676
-0.17969258,-0.3059759,0.110409066,-0.11360398,-0.10064794,-0.03814426,-0.17963228
-0.04998611,-0.16571951,0.20550196,0.21469961,0.016859815,0.004092574,-0.1887702
-0.2521413,-0.1971745,0.0754836,-0.08582231,-0.08637951,-0.003060326,0.16230041
-0.052725285,-0.6389698,-0.10914809,-0.07396342,0.06034544,0.3115552,-0.41692337
0.12715796,-0.10545126,0.1530936,-0.33260822,-0.0062421113,0.26711863,0.021655288
-0.04268837,0.00042940304,0.058614776,-0.039676927,-0.09261744,0.15319341,-0.017071057
-0.16634834,-0.1144457,0.0034621358,-0.09390656,0.21636371,0.07966465,-0.030402444
-0.20071462,-0.14643258,0.035568476,0.022376455,-0.112914965,-0.061012566,-0.21443525
0.07940441,-0.33414808,0.21369606,0.05775486,0.05556023,0.07289874,-0.0068272576
-0.11074133,-0.2045286,0.103105575,-0.085429065,0.071864024,-0.09368189,-0.21646057
0.053862847,-0.320705,0.14777532,-0.14278294,-0.10154047,0.28847536,-0.022498973
0.066352434,-0.28805584,-0.051589638,-0.07804817,-0.1640887,-0.021813296,0.02767476
-0.29529673,0.14448729,-0.104297064,0.07604275,0.11347125,-0.016857207,-0.08993735
-0.32595623,-0.27167955,-0.041159257,-0.1809486,0.10888396,-0.13809472,-0.2713542
0.024677556,-0.25651586,-0.17262363,-0.25802305,-0.025242515,-0.013853237,-0.14118047
-0.1429919,-0.4944358,0.020628208,-0.18697624,-0.09474404,-0.03543238,-0.17757365
-0.21559627,-0.37515458,0.008747354,0.04852988,-0.17806578,-0.13294026,-0.2315702
-0.23504083,-0.106617026,0.23309651,0.16793156,0.009326424,-0.01597616,-0.15278402
-0.056493457,-0.2187339,-0.092266396,-0.11336979,0.087240554,-0.0960472,-0.07922016
-0.31773263,-0.26056385,0.04339177,-0.053434655,-0.13934502,-0.03493645,-0.06472098
0.07277025,-0.06183484,-0.033894837,-0.15709709,-0.28553668,0.10249285,-0.09722449
0.0012647584,-0.35162145,0.24738927,-0.026061874,-0.10429375,0.14753352,-0.3634623
-0.09940358,-0.23073904,-0.14800692,-0.18742703,-0.21955273,0.071436256,-0.19444738
-0.03149204,-0.34743166,0.18966156,-0.14928532,0.15720582,0.18181123,0.037932858
-0.22025096,-0.1559416,0.04821827,-0.046626262,-0.11822744,-0.061854344,-0.20951271
-0.18224452,-0.07949424,0.059133917,-0.17224881,-0.001416184,0.17682251,-0.17132181
-0.2519329,-0.11842549,-0.045582563,-0.18279798,0.14618602,-0.013878435,-0.06814909
-0.05911069,-0.41051054,0.12043965,-0.15061985,0.15937692,0.15194587,-0.14082406
0.07999845,0.010890074,-0.027770804,-0.1784088,-0.056783188,0.1286121,-0.10850035
-0.02810941,-0.310208,-0.085170604,-0.14210074,0.026434075,-0.024557583,-0.038770467
-0.048111048,-0.25710744,0.03764234,0.09064868,0.16936657,0.19365779,-0.19341792
-0.27715936,-0.5005451,0.009760648,0.025933027,-0.10965413,0.25303528,-0.030379713
0.085774206,-0.29181778,-0.055988047,-0.20928475,-0.058673076,0.041950703,-0.0011589304
0.21918389,-0.41213632,0.25715265,-0.23070237,0.4187903,0.051280327,-0.3498095
-0.09913365,-0.14336224,-0.007986173,-0.109688014,0.17120674,0.13293497,-0.011276722
-0.159764,-0.022641972,-0.046911545,0.10272515,0.071337566,0.029112097,-0.2685217
-0.015939081,-0.28851596,-0.13016728,0.027490355,0.031395704,0.09985345,-0.0556107
-0.094228715,-0.43320066,-0.072545566,-0.02439735,0.032759257,0.15773019,-0.36619586
-0.26105273,-0.03189248,-0.09536672,0.1193607,0.20491877,-0.08117668,-0.15490723
-0.19466642,-0.42705315,-0.100176536,-0.11436442,0.11519051,0.2244517,0.010976121
-0.08826822,-0.3686488,-0.0884427,-0.0155249415,-0.06364741,0.1325199,-0.18898684
-0.18597452,-0.1744558,-0.018634357,0.09979595,0.27418584,-0.053731963,-0.14094138
-0.21773556,-0.28352958,0.030994236,-0.05336406,0.120980084,-0.032331213,-0.097745106
-0.21223171,-0.39749965,0.034649774,0.15352553,0.19393104,-0.017415356,-0.19920431
-0.07731232,-0.14777456,0.054136336,0.18098375,0.02710962,0.041467585,-0.2946078
-0.31156886,-0.26660264,-0.20722257,-0.16166495,0.24468523,0.11498484,-0.06372906
-0.11035118,-0.48044464,0.22907129,-0.12210561,0.21215759,0.013124108,0.041193694
-0.0482836,-0.31253624,0.074898764,-0.016264446,-0.099495925,-0.054665662,-0.17584622
0.101042256,-0.18482661,-0.026104186,-0.19088581,-0.04503534,0.13107054,-0.025482189
-0.049322035,-0.39127076,0.08701618,-0.16485615,-0.09050184,0.065140225,-0.22837965
0.06583442,-0.4029257,0.047188796,-0.1090194,0.010262854,-0.02037283,-0.17922767
0.030782621,0.05277039,-0.17672703,-0.21245429,0.100080475,-0.018656261,-0.14205682
-0.039036922,-0.26333946,0.10002107,-0.10155461,-0.25927335,-0.08840743,-0.043710086
-0.17331025,-0.29354095,-0.1095984,-0.20913099,-0.2521554,0.011442803,-0.12427597
-0.18089053,-0.21644375,-0.006941259,-0.13579112,0.16665772,0.0308991,-0.057201557
-0.11422281,-0.24686953,0.08845197,-0.104500055,-0.25788116,0.06267524,-0.20290585
-0.09077959,-0.35227588,0.028779253,-0.058591306,-0.10467534,0.24114239,-0.100671455
-0.02232337,-0.31581634,0.15058246,-0.16807109,-0.08814849,0.049353432,-0.17437248
-0.0763921,-0.28619155,0.16256076,-0.17233863,-0.24961965,0.23682606,-0.20196745
-0.1459507,-0.059575886,0.09328526,-0.046080075,0.09780332,0.081510864,-0.19196165
0.012914993,-0.56428564,0.14691088,-0.262466,-0.13948484,0.12541805,-0.13143466
-0.41616005,-0.19638562,-0.068681836,0.044858932,0.1937502,-0.005624462,-0.2112201
-0.08570322,-0.21820585,0.029351383,-0.13705955,-0.046581864,0.36194098,-0.057356045
-0.1261509,-0.44367975,-0.30374265,-0.07822485,0.032546334,0.08051705,-0.033251524
-0.2764801,-0.22521165,-0.0032424033,0.032508545,0.031854212,0.0378707,0.05294085
-0.09923245,-0.2021709,0.08160345,-0.14777212,0.098940164,-0.08245773,-0.095464185
0.032173254,-0.053605415,0.09914845,-0.074116796,0.23999959,-0.0739443,-0.014869774
-0.104522526,-0.2825906,0.0874656,0.019362107,-0.08132483,-0.1384196,-0.12156899
-0.023107303,-0.31150916,0.02342619,-0.11173043,0.15329964,0.20921406,-0.38518196
-0.028983133,-0.41488105,0.10532625,-0.10731922,0.16406131,0.25290212,-0.14808583
0.021571442,-0.04058072,-0.10654993,-0.07713366,0.03635986,0.33977696,-0.17417113
-0.13020623,-0.20670646,-0.09102989,-0.056213684,-0.21920039,0.0787975,-0.18816084
-0.13744055,-0.2728962,0.12524606,0.056854922,0.055336073,0.26297033,-0.3290191
-0.23644465,-0.15685102,0.049739018,0.04129594,0.18101616,0.024911284,-0.06390253
-0.1692633,-0.39610207,0.05809787,-0.1741419,-0.11372922,0.039874524,-0.014453273
-0.0026006997,-0.34290516,0.0903593,0.18398735,0.09915094,0.018444493,-0.03553439
-0.027461719,-0.31369615,-0.16150554,-0.15628695,-0.029119741,-0.040666074,-0.07913813
-0.10419498,-0.44981867,0.07838311,-0.015117018,0.053122703,-0.09342848,-0.060513794
-0.2048879,-0.13693811,-0.11292842,-0.025142938,0.23300934,-0.029292792,-0.057142
-0.03785345,-0.0044346303,0.08174213,-0.0036561936,-0.17085749,0.066738226,-0.14750174
-0.064341985,-0.38381672,0.13700736,-0.20127097,0.09483546,-0.21333778,-0.25219083
-0.0669422,-0.3067782,-0.06034424,-0.030929193,-0.13526654,0.040350668,-0.061047032
-0.06019264,-0.4872477,0.12085797,0.026361853,-0.201713,0.17914851,-0.36481968
-0.06307672,-0.2667982,-0.053395156,0.05775233,0.13112363,-0.02704909,-0.08560851
-0.17948662,-0.18507864,-0.13211498,-0.07609135,0.094290376,-0.15653868,-0.06507183
0.036282077,-0.4293065,-0.005774744,0.04288704,0.18806289,0.19262217,-0.09332513
0.027027346,-0.032234427,0.16069448,-0.11069926,-0.18551956,-0.029791474,-0.0053392164
-0.14837389,-0.45340335,-0.13222696,-0.027950764,-0.10186579,-0.18348706,-0.17641737
-0.26331788,-0.19629565,0.051812056,0.013923496,-0.07796414,0.1675711,-0.1017409
-0.17394401,-0.17807001,-0.14629656,-0.14087349,0.06666277,0.09239866,-0.06902496
0.026494116,-0.08350998,-0.08459277,-0.27668166,-0.024415052,0.12956795,-0.10034784
-0.1280014,-0.34568053,-0.27645624,-0.21082696,0.122535855,-0.06053335,-0.04394348
-0.09170963,-0.3810146,-0.061735142,-0.13164815,0.07257971,-0.018856205,-0.0829591
0.040415134,-0.372449,-0.048587397,-0.01259337,0.102446966,0.14848924,0.17824563
0.039068833,-0.45716465,0.0500782,-0.08609979,-0.016627595,-0.19501,0.029707856
0.065060265,-0.35577482,0.13744332,-0.29755518,-0.33103788,0.26550785,-0.30408034
0.14291832,-0.19796252,-0.06334901,-0.26821968,0.22022538,0.09377559,0.08453686
-0.13241301,-0.17548707,0.12598296,0.017395834,-0.1407845,-0.07288198,-0.056625493
-0.116403274,-0.0170208,0.033139437,-0.12818396,-0.14055847,-0.07426906,-0.20359069
-0.2859617,-0.099849,-0.031555936,-0.10324582,0.051208913,0.21023045,-0.0062688403
0.10818352,-0.3161521,0.00381447,-0.041009337,0.08386875,0.24375293,-0.3443991
-0.112799786,-0.320778,-0.091601774,-0.08019614,-0.06255851,0.082606,0.080198854
-0.106090695,-0.11473031,-0.1223185,-0.18570477,-0.11334486,0.26057494,-0.041954465
-0.25388142,-0.015244806,0.030556671,0.12985565,-0.015055224,0.06405722,-0.041187853
-0.081021175,-0.49760056,0.028833225,-0.031270713,0.31509557,0.18435447,0.04753206
-0.10099794,-0.034129124,-0.12935174,-0.06100934,0.046031,-0.11087535,-0.08342733
-0.06529102,-0.52182704,0.08999619,-0.13594154,-0.29117095,0.155001,-0.34613717
-0.107847095,-0.29430908,0.0036438257,0.0058310255,-0.08085854,0.13488111,-0.07102001
0.050618198,-0.23855776,0.20918874,0.053574044,0.01879168,0.1016663,-0.16761902
-0.10725176,-0.12105496,-0.07061238,-0.2119034,0.032283437,0.12624264,0.07372238
-0.025745792,-0.30374512,-0.06567052,-0.30501992,-0.054105546,0.03483413,-0.00836914
0.0072796084,-0.0710339,-0.015460461,-0.14504048,0.20618597,-0.04498799,0.006311752
-0.07820871,0.13580273,0.053924795,0.014813453,0.14121746,-0.047378782,-0.19462933
-0.080864266,-0.11706376,0.065425016,-0.021388032,-0.06804338,0.095144525,-0.11775373
-0.099965334,-0.3344094,-0.040863775,-0.23780689,0.10740793,-0.10252792,-0.11349656
-0.06068638,-0.20736834,-0.243706,0.097270444,0.09486415,-0.0066100657,-0.095666446
0.08307712,-0.16060835,-0.16218564,-0.24502663,0.042774424,0.079614915,0.009472951
0.14482768,-0.12676588,0.19408324,-0.060737193,-0.17469093,0.18413195,-0.09816279
-0.12642495,-0.34713092,0.05061923,-0.0001335349,-0.011422193,-0.001471065,-0.22679363
-0.09820344,-0.041363496,-0.04612504,0.06429589,0.057358284,-0.20753235,-0.07145691
-0.13619283,-0.22751784,0.029473804,0.039091576,-0.10297701,-0.09265135,-0.1285049
-0.05306735,-0.23093627,0.123100236,-0.028001726,-0.048389696,0.3049475,-0.19229558
-0.049293734,-0.14954877,0.046027333,-0.14259055,0.03193669,0.040104024,-0.034471266
-0.16992903,-0.16679981,0.002560772,-0.026872918,-0.07604824,0.1680395,-0.048214033
-0.20481813,-0.24229482,0.028151989,0.085560754,-0.10179897,0.060758978,-0.09002082
0.013814487,-0.06743703,-0.15138909,-0.2682236,0.2684694,-0.059744015,-0.24690771
-0.23815364,-0.19191623,-0.17820741,-0.13096593,0.18127061,-0.10763196,-0.0109678805
-0.1851323,-0.23914778,0.15464157,-0.0011263192,-0.5089542,0.062026143,-0.029886037
-0.24726212,-0.25532353,0.09635459,-0.11947983,0.1551912,-0.018198349,0.06501869
-0.011363663,-0.20796381,-0.19763634,-0.0057062805,0.016747162,0.09545182,-0.08878214
-0.40843594,-0.2553944,0.03262067,0.11135247,-0.013347454,0.09837197,-0.013408631
-0.13416718,-0.28884798,-0.02699922,-0.32100534,-0.07662811,0.23177111,0.07694602
-0.16023532,-0.23138188,-0.052327454,-0.027910214,0.12876344,0.14101908,-0.0874647
-0.14130382,-0.20877145,0.0044330508,-0.22355905,-0.23509191,0.11925265,-0.25396448
-0.020393692,-0.46488142,-0.15378311,-0.08985087,0.3566163,0.054340407,-0.006728232
-0.24475697,-0.26401407,-0.27625707,-0.21394747,0.059250828,0.061623126,-0.010078877
0.21025637,-0.35132676,0.1214928,-0.23142865,0.18092588,0.05644215,-0.29440773
-0.04197577,-0.15591064,-0.12958305,0.13822186,-0.09095551,0.13426146,-0.15051188
-0.09583416,-0.3061178,0.06261256,-0.07655227,0.21615663,0.049012847,-0.10272533
-0.08829346,-0.32945758,-0.0072191805,-0.1680648,-0.060734183,0.07978636,-0.00914374
-0.19174168,-0.6582382,0.064194255,-0.17209344,-0.12282626,0.2854429,-0.20224103
-0.08458348,-0.3809681,-0.17978308,-0.13308364,0.3023829,-0.031349692,-0.20553808
-0.35113215,-0.20852955,0.08702089,-0.0792391,-0.10736634,0.024925545,-0.065223895
0.0024712496,0.048213124,-0.16636357,-0.270438,0.0661436,-0.049372233,0.26388708
-0.10530117,-0.08148362,0.33694863,0.18808077,-0.14989014,0.12741552,-0.26441386
-0.13736528,-0.15700985,0.052198984,-0.08045131,0.019296221,0.04436988,0.01687035
0.09240323,-0.25522107,0.00859195,-0.04854017,0.20553881,0.039735008,0.061827168
0.03482205,-0.3059534,-0.03288221,-0.09720886,-0.11762757,0.078905,-0.30933985
-0.40519834,-0.14645514,-0.08790672,-0.011115722,0.0731394,-0.23248166,-0.21687262
0.0055683255,-0.023167547,-0.025894687,-0.09924212,-0.22794442,0.10738127,-0.03960385
0.08108369,-0.32068604,0.039354037,-0.19775295,-0.27060753,0.14116484,-0.25886303
-0.057026125,-0.18795943,0.004276052,-0.069440864,-0.018653434,-0.04752641,-0.2546265
-0.10106702,-0.15466306,0.01889453,0.07772578,0.22550116,-0.05268532,-0.103693575
-0.08530138,-0.14183474,-0.20230079,-0.04677921,-0.014118537,0.20927668,0.0107156
0.010872632,-0.48662853,-0.05437767,-0.13400666,0.18365446,-0.08811854,-0.19645391
0.0077712946,-0.13434948,-0.2515318,-0.05506961,-0.03367223,-0.050124284,-0.1344512
0.06327695,-0.21025403,0.13753083,-0.17920081,-0.19716564,0.05537177,-0.040222734
-0.12193495,0.123380914,-0.01053752,-0.08163853,0.007929357,-0.06304395,-0.0685167
-0.11023888,-0.20463803,0.17750221,-0.019612178,0.048264075,0.09338236,-0.037812114
-0.015203901,-0.22406346,0.106168225,-0.24608135,0.1322535,0.23294924,-0.09057259
-0.09553054,-0.16348118,0.070077196,-0.12934422,-0.03187965,0.22321236,-0.23513511
-0.005354274,-0.32942444,0.121006936,-0.021703597,0.119112,0.086857304,-0.19584751
-0.13505104,-0.14194445,-0.018284366,-0.027661089,-0.03504815,0.10260333,-0.1334132
-0.045877002,-0.24245065,0.09571673,-0.070302695,-0.05261787,-0.20729367,-0.13431635
-0.18909588,-0.09405053,0.2047022,0.19292332,-0.102569036,0.00880041,0.07606382
-0.15095632,-0.17974123,0.07755448,-0.073658094,-0.07141783,-0.05872746,-0.097685866
0.060564533,-0.43830767,-0.16667487,-0.31682527,-0.21142012,0.25628287,-0.21295281
-0.1431044,-0.23095961,-0.082209766,-0.39448816,0.10091831,0.1846484,-0.10842911
-0.30695775,-0.31756803,0.087862596,-0.001027897,-0.030677104,0.0042665936,-0.2546548
-0.13608705,-0.19580717,-0.15302712,0.073483594,-0.04652027,-0.062028676,-0.14864686
-0.24672043,-0.41254398,0.047523018,-0.05466482,0.043135583,-0.013260778,-0.053296313
-0.09151414,0.12894851,0.3927473,-0.057984482,-0.17808506,0.18787797,-0.042208016
-0.11301889,-0.33958974,0.08948812,-0.21660481,-0.041795604,-0.088598505,-0.16464701
-0.10691632,-0.24487334,-0.03285757,-0.08755417,-0.0060871243,0.08399309,-0.0062854886
-0.18450016,-0.29261127,-0.04160596,0.07097511,0.011504242,-0.082758814,-0.03804986
-0.021353796,-0.10636206,-0.12633142,0.0085099675,0.05269069,0.103536524,-0.05580707
-0.22503039,-0.4962818,-0.03220979,-0.18393067,0.07234782,-0.088124745,-0.1030882
-0.096043155,-0.23661569,0.026614249,0.09535457,0.0424024,-0.06899105,-0.046889782
-0.17931853,-0.16477941,0.06872294,0.045906022,0.14675795,-0.037851218,0.032009806
-0.041910674,-0.39732635,-0.11650913,-0.10887443,-0.15668002,0.11083919,-0.060888246
0.060009032,-0.4611074,-0.1681946,-0.009322409,0.030419007,-0.09893386,-0.08731392
-0.14046106,-0.029206038,0.024235185,-0.0049030483,0.05852236,0.06671196,-0.08119996
-0.020603323,-0.15405536,0.28586584,0.027241461,-0.36970836,0.14390591,-0.19616479
-0.042154208,0.028660476,-0.10920925,0.30690747,0.012568427,-0.13595814,-0.14923412
-0.115590006,-0.06992126,-0.08029442,-0.34306645,-0.11076109,-0.017195076,-0.07368125
-0.053475343,0.09938677,0.033289135,-0.023699638,0.02800444,-0.013481837,0.009969665
-0.30885458,-0.49641034,0.054976027,-0.026219264,0.129311,0.11902051,-0.28180838
-0.038823493,-0.49358052,-0.038029984,-0.24490947,-0.09579226,0.18587193,0.11186066
0.07685566,-0.18014392,0.10411078,-7.025339e-05,0.08699264,-0.015555933,0.042528927
-0.235075,-0.30885574,0.07924014,0.12156742,0.16947454,-0.15521874,-0.05526492
-0.21983942,-0.6580013,0.24825758,-0.11652536,0.089617416,-0.01183407,0.027662262
0.023759503,-0.44896322,0.24007781,-0.23029526,0.0068418533,0.15063454,-0.27119395
-0.050834265,-0.09217036,0.14022225,0.15621105,0.16234626,-0.11077664,-0.081135884
-0.29402977,-0.20679554,0.018890873,-0.07468651,-0.02503018,0.055303954,-0.13070016
-0.22049579,-0.33906102,0.08623083,-0.020570982,0.11901876,0.033799145,0.18574351
0.063449286,-0.27305,0.2974323,-0.34290698,-0.14467347,0.42980978,-0.0045851506
-0.113425225,-0.3141417,-0.035036206,0.05439523,0.15784448,-0.009665772,-0.084052876
-0.08182026,-0.15676756,0.110439524,0.050016996,0.050067395,-0.0075817555,-0.01589423
-0.24846587,-0.22865275,-0.15514942,-0.11278808,0.31384635,0.13875732,-0.00042305142
0.122067146,-0.17539173,0.032101344,-0.14735553,0.13177966,0.040788166,-0.10325048
-0.16655144,-0.01192496,-0.14275792,-0.060013145,0.0410002,-0.03991755,-0.11370863
-0.0011778586,-0.49603948,-0.0045277476,-0.093140714,0.011331856,0.111127935,-0.15407574
0.0013395483,-0.14667481,-0.044252317,-0.122262985,0.025849842,0.12681448,0.052872185
-0.0998244,-0.36373857,0.059401404,0.03567683,0.009099039,0.014441267,-0.1939815
-0.03627698,-0.31650013,-0.08064318,-0.32895714,-0.117392704,-0.09399802,-0.00093986094
-0.14149691,-0.34618843,0.058986545,-0.15109193,0.086654305,-0.1716316,0.065693334
-0.18346933,-0.10093294,-0.0550109,0.108302236,-0.0883115,-0.09829453,-0.25888762
-0.026644528,-0.12698285,-0.08439095,-0.00096772425,0.055635087,0.03133588,-0.164857
0.08364888,-0.2413452,0.054969832,-0.23076423,-0.01871547,0.08942754,-0.19163106
-0.18882594,-0.22232546,0.11712257,0.11151229,-0.07858623,-0.04384099,-0.2468946
0.29720506,-0.059098855,0.17086512,-0.29966286,0.19440146,0.19348466,-0.12141998
-0.02968951,-0.1935646,0.004082203,-0.09636587,-0.040838562,0.11890833,0.13332552
-0.109975114,-0.19108567,-0.11366093,-0.021807402,-0.05294688,0.36891702,-0.05985885
0.10104084,-0.10252168,-0.08822489,-0.11346659,0.041542478,0.16525085,0.1091242
-0.028794538,-0.47607875,0.13185228,-0.079726025,-0.021213174,-0.085170746,-0.31542903
-0.055065423,-0.049237385,-0.13778009,0.015251029,0.12468007,0.023197599,0.05654171
-0.23252577,-0.17283888,0.033511616,0.058315508,0.036245063,-0.06800103,-0.15906823
0.16120675,-0.36264262,-0.029710505,-0.026284045,-0.01254186,0.07031743,-0.10636124
-0.09496734,-0.057194572,0.04989107,-0.06957021,0.29341513,0.14922678,0.06576118
0.055131838,-0.22135457,-0.22486421,0.020397041,-0.054534137,-0.034463964,-0.07055768
0.20507187,-0.22078528,0.23830597,-0.24604112,-0.015930705,-0.0055340976,-0.23503536
-0.08682347,-0.2473729,-0.0051006638,0.20620583,-0.0009927899,0.08145706,0.081579305
-0.009924147,-0.14511687,0.13442628,-0.040106308,0.1972009,-0.052349955,-0.07732541
-0.022307463,-0.20969029,-0.06338253,-0.11735982,0.02495949,0.0058043823,-0.070394814
0.2068221,-0.43748188,0.26102036,0.017423289,0.2763307,0.03803304,-0.24833767
0.032974705,-0.3935473,0.060625177,-0.017188024,-0.1360212,0.15127574,-0.32491535
-0.081363134,-0.39577264,0.06228489,-0.043388806,-0.07000157,-0.14117879,-0.22221826
-0.09903737,-0.28583753,0.19209355,-0.2465553,0.07868724,0.13277781,-0.17267781
0.18743375,-0.09702011,0.21935147,-0.006472515,-0.2582395,0.021693006,-0.22561015
-0.23926748,-0.091337,-0.09413554,-0.045242064,-0.057381272,-0.0049347132,-0.23076129
-0.27105644,-0.36540323,0.061391592,0.14140983,0.13912562,0.07524466,-0.06672798
0.0046628676,-0.34566113,0.10752201,0.002554229,0.044467736,-0.1520553,0.009505458
0.07365663,-0.4775676,-0.09754902,-0.15570243,-0.16896495,0.076695636,-0.29367575
-0.009378437,-0.25855324,-0.07170397,0.059848104,0.07849844,-0.012800481,-0.07160482
0.1284757,-0.09493055,0.062156457,-0.29063118,0.11562927,0.10739071,-0.08146065
0.0043409746,-0.3505504,0.25060374,-0.14971577,-0.03354793,0.17537516,-0.022398517
0.04433131,-0.12191868,0.018652365,-0.09593129,-0.0001187101,0.0308006,0.07452107
-0.17089564,-0.40958756,-0.078312635,-0.10237988,0.2930246,0.0924825,0.1002083
-0.049120065,-0.19511387,0.06361717,-0.1019191,-0.2826805,-0.056021508,-0.073486835
-0.034910306,-0.13232115,-0.15829426,-0.19735473,0.068307355,0.062114544,-0.0060152113
-0.14169969,-0.042285517,-0.06638087,0.10557833,-0.0738904,-0.10221328,-0.15630855
-0.0056607183,-0.26268986,-0.048006773,0.19356972,-0.09046261,-0.04549314,-0.2808538
-0.08329484,-0.46380234,0.13357486,0.12022987,-0.07793881,0.11475411,-0.06368361
0.10879915,-0.068103984,0.072487965,-0.18769088,0.0075163785,0.12497935,-0.16230524
-0.077385336,-0.12552422,-0.103016034,-0.007993009,0.038722146,0.071290925,0.052340135
0.16940847,-0.03976704,0.065389074,-0.307592,-0.045561243,0.042665064,-0.19632822
0.0072104447,-0.24181916,-0.08199613,0.13406661,-0.010216825,0.055440336,-0.19170158
-0.46310908,-0.07462017,0.257624,0.08383439,0.033039268,-0.05121217,-0.14765024
-0.02801101,-0.2235213,0.14045495,0.054662537,-0.25447652,-0.09271459,-0.35681757
-0.27517933,-0.41730416,0.06153707,0.04706093,0.13834338,-0.3008537,-0.20023921
-0.0011250209,-0.15413843,0.17159864,-0.06046052,-0.04447709,0.10880741,-0.15259212
-0.037223145,-0.3901477,0.09084794,-0.14643629,-0.13812308,-0.013147578,-0.22152159
-0.09289624,0.00377338,-0.07762472,-0.30059132,0.1321936,0.10847332,0.06687215
-0.28173473,-0.13945961,0.054620385,0.1979388,0.21082053,0.13626486,-0.039693207
-0.048340354,-0.052378044,0.068128005,0.0029684096,-0.10678525,-0.05180407,-0.07926395
-0.00031194463,0.017565638,0.09581383,-0.015667599,-0.14700642,0.08590127,-0.27334446
0.086127594,-0.23967978,-0.08048758,-0.0007103123,0.0029516183,-0.09793049,-0.07018225
-0.105947524,-0.17457803,0.022294268,0.015072637,0.07372691,-0.20196167,0.06713712
0.007425448,-0.05420828,0.011000976,0.15422687,0.069145106,0.19283049,-0.0013118386
0.0088787675,-0.3269809,0.17000304,-0.21220167,-0.057149686,0.2606407,0.19662015
-0.013913933,-0.16693427,-0.1555793,-0.00529081,0.13930035,-0.16810167,-0.07824008
0.08988339,-0.15154052,0.060217112,0.055477068,0.07393621,-0.12638372,-0.21882659
-0.31463605,-0.18636012,-0.011114858,-0.14362963,0.13743013,-0.07260665,-0.045450717
-0.03584058,-0.21296182,-0.19910151,-0.087848365,-0.015181657,-0.062296797,0.06630597
0.03646815,-0.22286744,-0.11269869,0.07443687,-0.011890352,-0.06802497,-0.13358445
0.07218948,-0.42894587,-0.08727443,0.0007946119,-0.047523595,-0.037244856,0.018665344
-0.17163208,-0.21471381,-0.09810459,0.025155844,-0.023518153,-0.02608328,-0.25955546
-0.26974475,-0.36017573,0.09010381,-0.03360477,-0.22589336,0.20312914,0.005205229
-0.08155687,0.0008581355,-0.028718397,-0.08829706,-0.0434847,-0.052826665,-0.01395528
-0.08996387,-0.16213855,0.20483926,-0.04416955,-0.021777563,0.14924337,0.06429743
-0.089087635,-0.23231463,0.12011113,-0.16365887,-0.029342085,0.0534164,-0.17912096
0.0023382865,-0.17537014,-0.14204362,-0.12008501,0.11823994,0.072160095,0.05690282
-0.10971623,-0.048968203,0.031298015,-0.05609552,-0.114607506,-0.15174712,-0.09666775
-0.060476203,-0.047431745,0.031772554,-0.15705647,-0.08629595,0.08716803,-0.077463165
-0.13133472,-0.22323282,0.19126144,0.017728973,-0.12025359,0.019088633,-0.08380365
-0.15830082,-0.34814847,0.029919967,-0.13103865,-0.120926276,0.12073739,-0.020574234
-0.0053864643,-0.32743382,0.0026092827,0.06700446,0.11854932,0.029061526,-0.19744
-0.038305666,-0.49299648,0.015980132,0.19389829,-0.15168132,0.062447414,-0.14127384
-0.08110753,-0.2833893,-0.051572762,-0.25063342,0.25719684,0.09049171,-0.08042105
0.0051520243,-0.15404987,0.12099442,-0.05826624,0.071721986,0.05564872,-0.08672571
0.011919476,-0.5617217,-0.06740329,-0.16103704,-0.14643832,-0.022852398,-0.04164318
-0.12993933,-0.26087457,-0.0147889685,0.087784134,-0.010544576,0.16153572,-0.07615362
-0.016410954,-0.23337537,0.020515695,-0.14635965,-0.07207164,0.1889504,-0.24940205
-0.08859822,-0.40023088,0.2079078,0.012838565,0.10121992,0.12419182,-0.21829586
-0.13447174,-0.5174664,0.14099944,0.096475005,0.122884884,0.37633508,-0.07819143
0.015462846,-0.28709626,0.10050678,-0.06291001,0.09106199,0.031876482,-0.10885273
-0.15094954,-0.21647938,0.14432015,-0.3068024,0.053641155,0.15200129,0.09068294
-0.017291531,-0.13179655,0.1355859,-0.109695695,0.07928092,0.21331891,0.14204685
-0.04928375,-0.22980803,0.08516215,-0.04948134,-0.037317738,0.27253845,-0.08480428
-0.11142763,-0.36272353,0.15042233,-0.08785091,-0.08871342,0.1395283,0.05071576
-0.08832962,0.013149895,-0.02355814,-0.2731252,-0.0148831755,0.06609684,-0.17630883
-0.1457927,-0.16924062,0.013320908,-0.05727149,0.064591095,-0.0391437,-0.2511246
-0.15985253,-0.20838748,0.109258145,0.116836786,0.18889853,0.034931667,-0.021425724
-0.12489846,-0.29577705,-0.1718786,0.13939928,0.03741017,-0.0802885,-0.09500714
-0.06727186,-0.17738196,-0.004156254,-0.23979002,-0.041003697,0.102022946,-0.1667771
-0.029148981,-0.3244087,-0.080596134,-0.051177245,-0.103700906,-0.011681125,-0.26348123
0.023124173,-0.09465316,-0.16273212,-0.071958765,0.17953598,-0.144874,-0.115703106
-0.1969225,-0.14684123,-0.14930889,-0.18242654,0.11390124,-0.29084325,-0.0308935
-0.08970043,-0.16235238,-0.055749297,0.05848911,-0.20261322,0.22343898,-0.11366487
-0.028449476,-0.029452048,-0.06031555,0.18107477,0.18048704,0.098676756,-0.15164149
0.2211422,-0.29284588,-0.21942955,-0.1825383,0.28316265,0.13952693,0.23545797
-0.36148378,-0.2688055,-0.13275164,0.020182349,-0.1362651,-0.20612942,-0.21131203
-0.039194435,-0.17272317,-0.10175548,0.0008762423,0.07364597,0.16445982,-0.02090916
-0.16200107,-0.3021062,-0.07163355,0.0028695948,0.114857875,0.041907504,-0.08444875
-0.11115134,-0.021606762,0.011152796,-0.1944238,-0.040219884,-0.0071205907,-0.0028189346
-0.06938592,-0.28139374,-0.2891361,0.11094824,0.51541877,0.1394514,-0.13220608
0.0072122253,-0.23945372,-0.067886375,-0.37700993,0.084713906,-0.056172166,-0.17495061
-0.19257052,-0.12637562,-0.20192216,-0.08995793,-0.15923819,-0.19539385,-0.0946093
-0.22256422,-0.27810347,-0.02236116,-0.12032428,-0.089091495,0.09183049,0.07697521
-0.057678483,-0.24097908,0.1374246,0.14377269,-0.075124204,0.054909505,-0.13239512
-0.44507647,-0.23489869,-0.05556053,-0.11747792,0.080294035,0.15732205,0.019231375
-0.032168157,-0.10202415,0.031656653,0.061634425,0.024733253,-0.04914487,-0.027290955
-0.09964152,-0.18607578,0.017437465,0.025900356,-0.008536451,-0.022655651,-0.18368761
-0.13338237,-0.10108665,0.08551808,-0.049824007,0.16278031,-0.044960644,-0.10922289
-0.029243004,-0.16869417,0.0019884445,0.047496244,0.0075859055,0.040022038,-0.096827984
-0.19142076,-0.25421172,0.04099784,0.164855,-0.14690995,0.11743933,-0.10830998
-0.1241207,-0.31484917,-0.2976995,-0.431689,0.04753722,-0.028580427,0.15238366
-0.13102648,-0.34194237,-0.008075431,-0.11601937,-0.09287817,0.26636857,-0.17066073
0.13367435,-0.13471322,0.03244162,-0.20848548,-0.07856044,-0.099962175,-0.10723183
-0.050206747,-0.06270489,-0.01600197,-0.17207313,-0.054476503,0.17387618,-0.07734887
-0.26737598,-0.4258048,-0.021112159,0.055893634,0.05151269,0.053795125,-0.051371112
0.053275727,-0.11783925,-0.06685274,-0.34419632,0.023099564,0.00013254583,-0.12660152
-0.09352831,-0.56732196,-0.18695292,-0.04626976,0.1295191,-0.076295145,-0.12210305
-0.30999637,-0.33130765,-0.044781193,0.10743408,0.14923969,0.2728527,-0.0021185204
-0.061262593,-0.32705003,0.019891456,0.24393132,-0.054388277,0.044284046,-0.37792918
-0.26126313,0.04143474,0.022656739,-0.07449431,0.21449874,-0.14630009,-0.18764654
-0.18356493,-0.11480419,-0.18647474,-0.1302974,-0.17495707,0.34809154,-0.1987009
-0.06634663,-0.1357911,-0.06384071,0.06604282,0.15382385,0.09249988,-0.10907443
0.013986079,-0.16035393,0.12491253,-0.06764627,0.11677604,-0.008111507,0.10754527
0.046459235,-0.34984022,0.020790625,-0.23583037,-0.023563903,-0.018311087,-0.15314668
0.07722008,-0.37465197,-0.042037934,-0.17024569,-0.18592009,0.18431865,-0.20069331
0.01492833,-0.18635722,0.14393821,0.010568421,-0.28091758,0.41966867,-0.017345361
0.00923625,-0.123566195,-0.12451233,-0.27730083,0.035841234,0.04554939,-0.007545445
-0.039544538,-0.5558219,-0.078532875,-0.113506705,0.052390363,-0.121949986,-0.2852095
-0.014537152,-0.14918396,-0.14595348,-0.1389231,-0.10049672,0.23121724,-0.010911211
-0.14896697,-0.023336686,-0.21856391,-0.13944653,0.033754244,0.08362868,-0.0881178
0.04838842,-0.33129337,0.06820467,0.022936571,-0.05310891,0.17468825,-0.4010009
0.011375099,0.12975785,-0.02788689,0.17460561,-0.13855132,-0.020874467,-0.24896988
-0.0055117756,-0.15679343,-0.24644867,-0.07077278,-0.12042113,0.1559291,-0.27004045
-0.19410631,-0.29972744,-0.014944002,0.11015287,-0.254762,-0.03852296,-0.16189054
-0.09511176,-0.11634332,0.17963535,-0.029527828,0.039954342,-0.048593983,-0.24076974
-0.058272734,-0.21134925,0.06957016,-0.030651625,0.10376718,-0.14873579,-0.045973547
-0.1283379,-0.27490836,-0.09855981,0.0094604455,0.060213514,-0.0551011,-0.08659235
-0.0744769,-0.09108924,-0.1782225,0.03963066,0.11106347,0.07886717,-0.21699873
-0.13722666,-0.06717265,-0.03449438,0.1612138,-0.18397236,-0.052708372,-0.03659977
-0.18361753,-0.09655971,-0.053090937,0.034426168,-0.19357538,-0.10762891,-0.28193694
-0.002903469,-0.29895467,-0.14516124,0.02570409,0.053354047,-0.05606123,-0.14485808
-0.047540903,-0.6069543,0.28988105,-0.020387858,0.27629703,0.12745664,-0.14348997
-0.024154615,-0.19016293,-0.19981965,-0.069577366,0.006542407,-0.15854675,-0.18116236
-0.047367267,-0.05055508,0.19247068,0.008104317,-0.20698024,-0.24040219,-0.15448438
0.04450526,-0.07252093,0.11851713,-0.1622597,-0.1682162,0.13138308,-0.11591847
-0.14272703,-0.16743013,0.081659734,-0.19260412,0.027935624,-0.017525077,-0.07384074
-0.110399745,-0.28492463,0.087320834,0.24680287,-0.014992593,-0.22335085,-0.19161865
-0.0067731347,-0.028010167,0.0018364042,-0.10193179,0.40729836,0.009968163,-0.14648087
-0.3307205,-0.44160336,0.06501161,-0.081618235,-0.09433667,0.1042486,-0.027268887
-0.14827777,-0.27446923,-0.14463533,-0.030542184,0.07344053,0.0067100264,-0.03816033
0.08971325,-0.3324139,0.06780787,-0.18349633,-0.03652905,0.29768604,0.014164157
-0.277443,-0.5309371,0.0022851378,-0.02166865,-0.08808286,-0.046499975,-0.123310745
-0.059448,-0.089948244,0.13033688,-0.20201012,0.04566878,0.2566661,0.044661492
0.045853056,-0.35647714,-0.147766,-0.33336,-0.065366164,0.08279135,-0.0050034076
0.056291632,0.029215213,0.090430126,-0.09907957,0.12618557,0.0005659759,-0.039523438
-0.036201596,-0.3454649,-0.12327789,0.0992433,-0.041828103,0.22257152,-0.14088419
-0.26689124,-0.05212271,-0.101119734,-0.00053001195,-0.44211113,-0.0074013397,-0.41389006
-0.061445493,-0.25083518,0.08037577,-0.04034234,-0.08617586,0.24323587,-0.17728487
0.13592911,-0.37804523,-0.20517737,-0.08041629,0.16898409,0.22703904,-0.0912033
-0.23711035,-0.16663682,-0.18538308,-0.015883394,0.021591268,0.03412255,-0.03729023
0.00035576522,-0.072591685,0.018645821,0.10714163,-0.1200263,0.05258196,-0.15971288
0.191611,-0.20772728,-0.018083476,-0.028477456,-0.28392097,-0.21097812,-0.22984451
-0.09257589,-0.21834561,0.24506119,-0.103290044,-0.11199054,0.14671764,-0.120595075
0.014026448,-0.48484612,0.07928981,-0.13753751,-0.3117291,0.27562293,-0.51435554
-0.015063457,-0.41022092,0.07985994,0.10169722,-0.22344251,0.05281875,-0.016857654
-0.09670984,-0.25099987,-0.061473027,0.027747473,-0.025598276,0.038898177,-0.1137715
-0.2953781,-0.19434673,-0.06419563,0.03518435,-0.15934367,0.23816878,0.07919544
-0.058253463,-0.23713154,0.15727207,-0.1129912,0.009883564,0.09728961,-0.04582874
-0.0066083334,-0.2695638,-0.006974302,-0.23425508,0.14156944,0.038896967,0.0683374
-0.004870495,-0.103151456,-0.04461588,0.048061002,0.13513634,0.047683448,0.13151026
-0.011970937,-0.050168145,0.17117918,-0.008637702,-0.090514824,0.098354235,-0.08417407
-0.12170576,-0.32543993,-0.2417352,-0.019170105,0.29936135,0.17394105,-0.2436841
-0.11001025,-0.21855012,0.03523186,0.0057115853,0.03289904,-0.13330203,-0.02974302
-0.048389368,-0.24418873,0.12034978,0.1074119,-0.25589564,0.20118648,-0.25874534
0.14340962,-0.24853832,0.06720288,0.1470402,-0.043731175,0.048308007,-0.207982
-0.028198324,-0.32397673,-0.2296999,-0.07122278,0.25255,-0.15592526,-0.12151198
-0.11726439,-0.079534814,0.023917302,-0.082326554,0.039890636,0.15520996,-0.012455501
-0.14261799,-0.30463374,0.0045432188,-0.25159228,0.04354945,0.045506146,-0.1412673
-0.11040709,-0.23265336,-0.019483749,-0.13865776,0.21962422,0.11723673,-0.16558123
-0.03421158,-0.20527889,0.03326784,0.1028339,-0.3740158,0.08298114,-0.04352054
-0.17811893,-0.2552042,0.19305785,-0.08828594,-0.21685661,0.19506142,0.12198183
-0.19337718,-0.09564393,0.11104814,-0.11145994,-0.09337568,0.10445559,-0.0552606
-0.13993126,-0.20439065,-0.08140375,0.0149178915,0.11848862,0.10438192,0.08214089
-0.009241844,-0.27733564,-0.018417895,-0.25168702,-0.13761178,0.13555373,-0.06666337
-0.015376717,-0.270589,0.120890826,-0.07879997,-0.043435838,0.06395802,-0.09766803
-0.11420234,-0.26203528,-0.20902349,-0.119290136,-0.03736025,-0.058931515,0.071382165
-0.15572798,-0.482431,-0.040688053,-0.1167942,0.16490816,0.24093112,0.008586675
-0.15916531,-0.11435371,-0.01950477,-0.056675542,-0.046866126,0.13596433,-0.11246731
0.05242135,-0.13624874,0.144409,-0.108331844,-0.18801683,0.34762824,0.08048903
-0.21474926,-0.2948753,0.050991174,0.071188256,0.055615313,-0.16206354,-0.08091094
-0.17252511,-0.18126068,-0.012751773,-0.017485335,0.07770788,0.15569815,-0.0033063143
-0.23016974,-0.40725946,0.16004705,-0.13065352,0.19700715,-7.991493e-05,-0.0022311136
0.15727927,-0.1549797,0.0041211545,-0.02180326,0.053131178,-0.10521343,-0.46122217
-0.11188083,-0.30912364,-0.056802243,-0.1159757,0.047315888,-0.052446797,0.0144945085
0.04457456,-0.0502277,-0.12041438,-0.009740457,0.037553176,0.08694415,-0.14122434
-0.23579195,-0.4681068,0.17946784,0.13864355,0.0967454,-0.12649685,0.087530866
-0.12978266,0.028109629,0.095087156,0.17438869,-0.12954445,-0.034943566,-0.25154424
-0.03287588,-0.14898266,0.17177787,-0.016060181,-0.16718057,0.01520113,-0.093193
0.06381972,-0.022496447,0.14492975,-0.16541602,0.1607251,0.01180964,-0.08178859
-0.12600458,-0.21455052,-0.0036611855,-0.09316815,0.06561354,0.17374244,0.16218905
-0.37903163,-0.03840768,0.07711882,0.24213608,0.0019090548,-0.08957544,-0.15943125
0.039013203,-0.24139333,-0.003714677,0.13772783,0.02797088,0.09804241,0.026397094
0.03343213,-0.30107766,-0.2669583,-0.043745875,-0.22678605,0.13627511,-0.10294372
0.038113646,-0.15427047,0.087005764,-0.2941327,0.18431915,-6.935373e-05,-0.10984036
-0.17034803,-0.12797514,0.09172234,0.09954816,-0.11568652,-0.07433249,-0.16429369
0.015584677,-0.07648878,0.1710664,-0.08269274,-0.055907767,-0.042270243,-0.14415641
0.10597571,0.014727801,-0.020568356,-0.11881411,0.036419302,0.08052334,-0.1884873
-0.23236984,-0.057683595,-0.12938137,0.15267003,-0.019253604,-0.09575164,-0.017974779
0.10749238,-0.447141,0.17639661,-0.24582958,0.14784935,0.35826746,-0.25568283
0.14409167,-0.18328714,-0.16959795,-0.038178734,-0.095703915,0.074857675,-0.15143913
-0.025308501,-0.25824758,-0.31252626,0.006810315,-0.38727984,-0.081722684,-0.15105727
-0.3483412,-0.28923857,-0.088617854,-0.031894766,0.08235255,-0.15881073,-0.0002991259
-0.12666368,-0.41642386,-0.0022527352,-0.105921715,-0.11266669,-0.15273505,-0.24337408
0.014062539,-0.25554433,-0.27951595,-0.13635685,0.11176746,0.116031736,0.10507835
-0.08936547,-0.2195,-0.032666683,-0.015540844,-0.019239422,0.10016349,-0.15859695
-0.124297634,-0.11816555,0.168335,-0.0044368915,-0.21224439,-0.1718041,-0.18716319
-0.16637474,-0.14193538,-0.063173324,-0.008718114,0.24077989,0.10040675,-0.1307631
-0.19435939,-0.06406307,-0.030163884,-0.10291349,0.25891814,0.009160304,-0.1099047
-0.2602054,-0.40662938,-0.10948026,-0.012916863,-0.20675533,0.005164369,-0.23801863
-0.088277265,-0.25457698,0.037761927,-0.1337212,-0.09789069,0.1366803,-0.047316834
0.020609107,-0.20888124,-0.09878418,-0.23500036,0.09897892,-0.03639388,-0.15037273
-0.04006035,-0.120050386,0.13795444,0.11729418,0.03409718,0.12094329,-0.07630394
-0.002736507,-0.4266561,0.19218306,-0.06658612,0.063368484,0.029553227,-0.18213153
-0.018701456,-0.52738905,-0.0007225722,-0.13597363,0.01627794,0.022556767,0.011782549
-0.019742541,-0.22670451,0.018387169,-0.040716648,-0.027347684,-0.1176033,-0.3350193
-0.03245841,-0.00023715198,0.05840203,0.2113423,-0.029769242,0.049352646,-0.123347595
-0.008607011,-0.22660798,0.113432184,-0.2892131,0.131608,0.21190079,-0.01965043
0.0714937,-0.20088631,0.11913957,-0.058082025,-0.1047639,0.068928525,-0.1256801
-0.123758346,-0.3076442,-0.14570317,0.0301392,0.18903972,0.17946602,-0.1331367
-0.2485187,-0.102746814,-0.19548471,-0.18184489,0.29072502,0.20220995,0.09740692
-0.17473532,-0.41337234,-0.119224496,-0.2424159,-0.039495647,-0.13951111,-0.12247197
-0.15824226,-0.19763008,0.13244024,0.0130025,0.015710622,0.09466906,-0.13515055
-0.28036284,-0.42992267,0.0733275,-0.048539348,0.13296959,0.03316326,0.06414498
-0.03817731,-0.22322907,-0.034812838,-0.24893752,0.02718647,0.12319958,0.00463295
-0.087461255,-0.020293951,0.0053825974,-0.09489377,-0.14655074,0.06741196,-0.03891291
-0.08985914,-0.43667275,0.046506226,0.063078545,0.20442997,-0.24661717,0.024927914
-0.0030341744,-0.112744436,-0.07202524,-0.0824825,-0.016888924,0.15688862,-0.18625195
0.038027793,-0.35781452,-0.14674035,0.0026721898,0.2378588,0.25965118,-0.23044355
0.04325088,-0.08185251,0.0023555523,-0.17376488,-0.016994368,0.26891336,-0.18285488
-0.13314119,-0.29106525,-0.21812405,0.1116461,-0.02243219,-0.0345435,-0.0454745
-0.2508284,-0.2919292,0.22168338,-0.015912913,-0.103126526,0.15212257,-0.14006084
-0.23492922,-0.23322949,-0.11866741,0.030726781,0.09511286,0.07124607,-0.013520487
-0.21234061,-0.47852945,0.19644165,-0.24755195,-0.079279825,-0.042908713,-0.2339791
-0.058263108,-0.27246243,-0.23789468,-0.34209743,-0.024950828,-0.06958016,0.07161162
0.10617304,-0.17050329,0.15325691,-0.019583799,-0.20390329,0.14736323,-0.096199185
-0.17780383,-0.24722797,0.03840983,-0.16926886,-0.14432932,0.02606485,-0.12699796
-0.023179945,-0.0914104,0.17983188,-0.06883651,0.0087388605,0.15523952,-0.13420379
-0.12923145,-0.37382698,0.08457612,-0.028018553,-0.104677945,0.16178504,-0.04148996
-0.025466368,-0.24536107,-0.12836654,-0.31993133,0.03488604,0.22548553,-0.018793404
-0.08906433,-0.09742952,-0.0972255,-0.13845852,0.1864409,-0.0072675794,-0.3380678
0.032442987,-0.19171616,0.05852977,-0.049726017,-0.090709016,0.040640004,-0.21924986
-0.19123541,0.10846014,-0.08024405,0.117333606,-0.14464276,0.07910081,-0.10204859
-0.002845928,-0.21088114,0.11254521,-0.18873334,-0.028921742,0.16268542,-0.09084386
-0.019922707,-0.2023868,-0.052478865,-0.1478249,-0.20063317,0.08927542,0.0386608
-0.01185441,-0.41410482,0.13911386,-0.20126808,0.038208447,0.108943135,-0.01209078
-0.080292314,-0.55498075,-0.04616028,-0.028551485,-0.058107447,0.034840457,-0.32210138
-0.15658996,-0.2582123,0.18671946,-0.0791723,0.16036816,0.006422043,0.102444604
-0.027612176,-0.42934716,-0.01759078,-0.022164501,-0.42928958,0.1630201,-0.37313408
-0.10407707,-0.37065428,-0.21139282,-0.039907545,0.009009533,-0.1155702,-0.0036454853
-0.030951671,-0.23849224,0.100531586,-0.089707635,-0.2349513,-0.041862503,-0.17674834
-0.2184658,-0.44441077,0.03281548,0.14465645,-0.015225984,0.12104742,-0.17504163
-0.08848861,-0.38141948,-0.07205571,0.012762804,-0.3577897,0.3283061,-0.057574175
-0.16293165,-0.33085182,-0.12309473,0.040689252,0.11802481,0.032374524,-0.10953608
0.049487814,-0.2874962,0.12481727,-0.0373102,-0.07607209,0.37223816,0.022378441
-0.36311373,-0.047491603,-0.0021497607,0.015571535,-0.03167533,-0.12566167,-0.00012186542
-0.29120252,0.25890347,-0.05429882,-0.10587861,0.146009,-0.23251963,-0.1073785
-0.04902671,-0.03027478,0.10992618,-0.10908039,-0.1618899,0.018613033,-0.1262629
-0.09276515,-0.2643786,-0.023310706,-0.0594258,-0.0159401,0.121727966,-0.14241746
0.035238095,-0.030541092,0.058290325,0.027422413,0.1205808,-0.122521825,-0.14429843
-0.0025707148,-0.33628497,-0.10213213,-0.09924563,-0.054994475,-0.022250086,-0.0824016
-0.0851613,-0.26504186,-0.06203551,-0.06487106,0.09284446,0.038664438,-0.014491618
-0.09365228,-0.06424804,0.10553739,-0.18758574,0.08261477,0.11136684,-0.1816279
-0.03136571,-0.36041483,-0.016222268,0.29265684,-0.147429,-0.07730605,-0.10415458
-0.032475382,-0.5245367,-0.017018119,-0.07758956,-0.24131788,0.008662082,-0.17780656
0.13562472,-0.09823259,-0.2223737,-0.28334022,-0.084392324,0.05946201,0.091622844
-0.09910541,-0.107163854,-0.006012801,0.07297643,0.065013155,0.04943653,-0.1328358
-0.14138432,-0.14077649,-0.042536575,0.0047774613,0.07588296,-0.1188601,-0.044836357
-0.13932173,-0.34699264,-0.23018086,0.15086101,-0.30297038,0.07167594,-0.093086
-0.08775501,-0.35011482,-0.11951559,0.027045684,0.02046024,-0.07448142,-0.015106674
0.1005621,-0.39376312,-0.016692638,-0.21540177,0.11658752,0.28933293,-0.044964425
-0.15868413,-0.33645964,0.023766443,-0.1898013,-0.011654332,0.11016916,0.015850078
-0.09171234,-0.20467427,-0.07488918,-0.07483965,-0.07548566,-0.06555481,-0.16988555
0.062225442,-0.21107425,-0.03931977,-0.2351308,-0.09439285,0.19937494,-0.030682515
-0.11105049,-0.3054301,0.12605858,0.06148226,-0.016026534,-0.04960437,-0.27418804
0.010492783,-0.050915167,-0.06594593,-0.025993371,0.27305543,-0.16677472,-0.06919946
-0.10033579,-0.20734458,0.036697544,-0.11614928,0.04677243,-0.017580561,0.09007456
0.015167393,-0.26170725,0.06623717,-0.042561606,-0.2400203,0.19813406,-0.22795731
-0.12071201,-0.0011547823,-0.16320209,0.09056339,-0.21881415,-0.09933019,-0.09157963
0.037169125,-0.4648036,0.029993892,-0.15157029,-0.023231968,0.041515328,-0.1207104
0.08267295,-0.3501523,-0.00872159,-0.119907096,-0.14988554,-0.17074761,-0.07994076
0.0436288,-0.34171706,0.15063612,-0.16116697,-0.00066088885,0.20141184,-0.094771445
-0.123815104,-0.05492755,0.1517374,0.0008979421,-0.24108231,-0.067876935,-0.13936202
-0.21470436,-0.35157308,0.09718411,0.24325599,-0.05390191,0.03729616,-0.12820414
-0.06768153,-0.11035872,0.07142813,-0.25495157,0.15164804,0.02199445,-0.15826732
-0.030943658,-0.19153082,0.010193404,0.005796051,-0.13830915,-0.15980652,-0.051478013
-0.2827365,-0.21666062,-0.2838043,-0.19841842,-0.065270066,0.15922317,-0.122871056
-0.11680516,-0.2029013,-0.01588764,0.14009403,-0.21417567,-0.041772306,-0.1535506
-0.011445727,-0.16904294,0.020420738,-0.0033049434,-0.23135896,-0.104692765,-0.0995463
-0.0836008,-0.32430613,0.0681576,-0.092433885,0.2020602,-0.076298766,0.039431702
-0.3126252,-0.25440943,0.036512557,-0.01834841,-0.2207665,-0.13349584,-0.44005957
0.0363297,0.0091387015,0.008217856,0.0047005005,0.29345778,0.21763378,0.1531051
-0.14834094,-0.12649736,-0.07932651,0.20002195,0.027462766,-0.041660722,-0.1324366
0.015490752,-0.3353134,0.08222228,-0.13717973,-0.028597016,0.053398214,-0.14656533
0.021426061,-0.08558638,-0.15257895,0.002649108,-0.15753698,0.124269724,-0.08987416
-0.11533196,-0.17119564,-0.020691894,-0.14653382,0.06742306,0.10101872,0.07305428
-0.06279433,-0.3660927,-0.22332232,-0.2926248,0.20636828,-0.0022040382,-0.08614083
-0.17839655,-0.1309737,-0.016922154,0.04312461,0.0030877963,0.06351605,-0.06989871
-0.09814566,0.06479533,0.19535759,-0.096577995,0.12781027,0.20280942,-0.38251615
-0.26095057,-0.26936316,0.08212826,-0.3433016,-0.03715077,0.38219473,0.01330182
-0.2906596,-0.28437266,-0.08231834,0.096993834,0.25158504,-0.057559762,-0.30796546
-0.07410187,-0.38065743,0.06770357,-0.17475244,0.1962995,0.0677513,-0.12541577
-0.19886425,-0.5020405,0.045328278,-0.22674708,-0.060362,0.18789825,-0.19056027
-0.17256284,-0.030032992,0.122166745,0.005163856,0.022510532,0.12336707,-0.08343087
-0.15563616,-0.038874526,0.12852484,-0.15508425,-0.019527905,0.12093028,-0.14843553
-0.11610401,-0.16021962,-0.10170837,0.17477363,0.030339226,-0.02235809,0.02593064
-0.15135348,-0.41541052,-0.080221236,-0.10789591,0.042976573,0.030448262,-0.14782919
-0.009551765,-0.16145657,0.021979287,0.058525577,-0.13585322,-0.0751884,-0.18555261
-0.021624915,-0.3703379,0.211968,0.089778505,-0.29035836,0.2153909,-0.33531505
-0.15550596,-0.20194468,0.070977174,-0.023875592,0.05282408,0.009938218,-0.12920867
-0.118010834,-0.29388338,-0.0008647293,-0.31752113,0.060943507,0.12011876,-0.0950695
0.085523486,-0.09477507,0.033514306,-0.19416201,0.10676688,0.16801856,-0.07438885
0.1728872,-0.18997012,0.05370516,0.17967682,-0.057762705,0.17397183,-0.36573058
-0.042169932,-0.19475606,-0.035965264,-0.020951796,0.021591924,0.047874104,-0.23025995
-0.13996895,0.019367196,0.026742406,-0.109295204,0.0404713,-0.20144895,-0.058699753
-0.0770543,-0.2734381,0.009259637,0.10003227,-0.19265571,0.01558537,-0.0873445
-0.13968602,-0.5004965,-0.0018404834,0.09450784,0.086419195,0.2727758,-0.12300214
0.0033608116,-0.03209973,-0.0744039,-0.27716932,-0.16892503,0.19140825,-0.008769035
-0.014479693,-0.24256894,-0.04461948,-0.28483132,-0.14538386,0.15852702,0.01526184
-0.108433574,-0.1827996,-0.019102115,-0.18881136,0.13056237,0.011944976,-0.1948883
-0.0861315,-0.12623519,0.13829353,-0.17531665,-0.098352075,0.008443583,-0.38134617
-0.017628305,-0.41954398,-0.24638325,-0.12057865,0.1269491,-0.092639774,-0.39360017
0.032518893,-0.27671024,0.012144454,-0.09086293,-0.011610374,-0.039870903,-0.2820444
-0.25182545,0.010987636,0.061671913,-0.068910785,-0.14975047,-0.033814073,-0.21823013
0.11517922,-0.34973243,0.2465913,0.16642688,-0.2665568,0.14054891,-0.27289537
-0.36585295,-0.13314353,0.028518703,0.0039417,0.10064479,-0.10486043,-0.10605386
-0.10306505,-0.12139558,0.026226342,0.08648853,0.034319207,0.112401195,0.1930053
0.044580065,-0.18732804,0.073638976,0.008605157,-0.04957723,-0.15724424,-0.09627047
-0.11512549,-0.037150607,0.047195777,0.14313014,-0.033708975,0.23034179,-0.14136484
-0.10178735,-0.3286057,-0.18515989,-0.045199938,-0.28195426,-0.19029897,-0.15430462
-0.18345791,-0.08762115,-0.030173339,0.11462635,-0.019296013,-0.06770909,-0.060261726
-0.13372588,-0.367556,-0.047656827,-0.0711973,0.19391418,0.097449265,-0.08089371
0.07236327,-0.1370458,0.13227203,0.08025277,-0.33155945,0.087353885,-0.09658871
0.02447115,-0.5183379,-0.1283042,-0.33150393,0.12477757,0.10938444,0.043233175
-0.17371133,-0.19136459,0.032441743,-0.0836475,0.14941332,0.06165151,-0.21703388
0.035321645,-0.35383543,0.039621424,-0.0059848297,0.04800877,-0.033964083,-0.15210922
-0.121252276,-0.4713446,-0.08017214,0.09833281,-0.3791714,0.19401395,-0.190916
-0.1546647,-0.41695082,-0.019125089,-0.061353743,-0.03662597,0.09840822,-0.19690616
-0.11517227,-0.43042663,-0.056343324,0.025858477,-0.045848977,-0.031554386,-0.055528484
-0.17468731,-0.32318914,-0.3420396,-0.21179307,0.24356559,-0.12429265,0.09550537
0.0018089116,-0.32853675,0.019851446,0.04293058,-0.05260192,0.16730511,-0.27759123
-0.30070186,-0.21631046,0.15156464,-0.07330347,-0.051672775,0.09568873,-0.24476445
-0.23424603,-0.100485384,0.08737264,0.107424505,-0.33314827,0.09291498,-0.22454463
-0.18397558,-0.33791506,0.107743844,-0.12247875,-0.06849375,-0.18733528,-0.112323254
-0.20942688,-0.29944345,0.09975025,-0.15083367,-0.047536515,0.10644032,0.011650141
-0.08134055,0.025679365,-0.13041171,0.023615755,0.17117831,0.11837017,-0.05384037
-0.07775152,-0.13738635,0.14911051,-0.0974499,-0.07480116,-0.0047499835,-0.0846933
0.12284525,-0.43253782,-0.18846485,-0.19361563,0.15595922,-0.11958189,-0.071573965
-0.09219066,-0.14152576,0.021047078,0.02149235,-0.04850902,-0.09660567,-0.074740425
-0.1714032,-0.14410712,0.024865486,0.04640079,0.058633033,-0.14803728,-0.1951539
-0.111518055,-0.35362154,-0.022592947,-0.16407208,0.18455702,0.058461748,0.1953955
-0.011441331,-0.06856617,0.017753467,0.1589404,-0.07733064,0.0403148,-0.24548297
-0.10413179,-0.6048181,0.12781025,-0.043092005,-0.11351756,0.120230064,-0.17817824
-0.12654981,-0.406914,0.16318306,0.040688716,-0.23458229,0.21337956,-0.26997656
-0.092967935,-0.3246488,0.038454697,-0.2067773,-0.06904224,0.055412628,-0.26009205
0.10302164,-0.1802418,0.18513529,-0.071218915,-0.16388023,0.024988092,0.030615374
-0.08714256,-0.29303142,-0.03295411,0.022418858,0.043644227,-0.015129276,-0.070734076
-0.1956746,-0.39497185,0.2361407,-0.16079672,0.055457488,0.13551724,-0.050798763
-0.05389799,-0.43272936,-0.18256214,-0.01986017,-0.06807804,-0.2136958,-0.11998086
-0.05358026,-0.09685105,-0.059293695,0.051526673,0.079502374,0.06271262,-0.1582879
-0.080388345,-0.24876656,0.13910642,0.035154566,0.06256254,-0.07262997,0.066495866
-0.009959992,-0.2487781,-0.19236106,-0.15073824,0.25152782,0.16836636,-0.0108931735
0.044147685,-0.24753214,-0.08613923,0.06424416,0.116439745,-0.10213235,-0.436809
-0.030020606,-0.4305569,0.005124232,0.019188002,0.263572,0.033542,-0.2149831
0.2227244,-0.24735726,0.022644904,-0.26060757,0.061907984,0.17486395,0.006127164
-0.2432721,-0.17170888,-0.02046179,0.04453284,0.13074097,0.14172511,0.18266357
-0.31248054,-0.165046,-0.22847375,-0.06856705,-0.07737901,-0.0071293265,-0.033241093
-0.056274895,-0.26967055,0.19004041,-0.120069265,-0.027837962,0.18612358,0.0026386976
-0.016809901,-0.31884116,0.04280358,-0.01749135,-0.27235886,0.103058055,-0.08280572
-0.19906566,-0.22596923,-0.027241822,0.050316527,-0.1105935,0.08086937,-0.07615401
-0.15620908,0.01807081,0.20450337,0.01868435,-0.16122727,0.14840393,-0.0721418
-0.05027527,-0.22051975,0.03443852,-0.014264673,-0.24972564,0.0806596,-0.08949888
0.0112555325,-0.12263948,0.097431764,-0.116125815,-0.19247928,0.020821378,0.0048602484
-0.16734068,0.035236325,-0.29897493,0.09630977,-0.07114578,0.024459645,-0.08941028
-0.2255755,0.19732417,-0.1510229,0.06734969,-0.19421512,-0.024441272,-0.03293389
-0.09065166,-0.2036015,-0.017038807,0.065622315,-0.07460216,0.124503426,0.14303139
-0.0634914,-0.15704295,0.052339897,-0.16023861,0.038456105,0.3091251,-0.074230224
0.033673357,-0.19012463,-0.08055358,-0.2309841,-0.32083356,0.0031097028,0.029110234
-0.18135571,-0.04560121,-0.07347673,0.055176675,0.034685507,0.033082113,-0.13591205
-0.22701687,-0.2623546,0.04201521,-0.11683246,-0.15225178,-0.13569497,0.025199404
0.037819933,-0.14629121,-0.029797338,-0.17605066,0.05580904,0.08331241,-0.09182443
-0.032450043,-0.39597863,-0.19334762,-0.19960931,-0.01671983,-0.05804947,-0.14720187
-0.11513901,-0.017765991,0.089270055,-0.15222809,0.13000917,-0.097659856,0.116852485
0.089397006,-0.32691014,0.1359676,0.029016348,-0.106611,0.018042266,0.025968863
-0.023440968,-0.15620066,-0.15088561,0.19468808,-0.083040975,0.13597104,0.016090393
-0.20440888,-0.3467856,0.053856827,-0.17053038,0.1194171,-0.11961794,-0.1487323
-0.13395438,-0.13988265,0.10133968,-0.067920566,0.17192337,0.0030178614,0.016863566
0.07452022,-0.2110751,0.033662613,-0.09881847,-0.12782437,-0.05336009,-0.22388148
-0.15252694,-0.430116,-0.05483275,0.09287405,0.084241256,0.08462557,-0.16201553
0.019668335,-0.37165672,-0.010984987,-0.003994964,-0.14580366,0.032898903,-0.16552864
-0.08167355,-0.2589823,0.09850308,-0.028945573,0.0763727,0.108134724,-0.17228699
-0.0898655,-0.48946387,0.13655443,-0.16415165,-0.18606772,0.1520841,-0.14812322
-0.11362289,-0.20108548,0.10070263,-0.22805843,0.043140564,-0.03721219,-0.04978454
